,file_name,lines,authors,shas,the_first_time,the_last_time,average_date,total_shas,last_fixes,fixes_percent
0,drivers/net/wireless/intel/iwlegacy/3945-mac.c,3926,18,76,1306480715,1574787328,1315750111,13,,0
1,net/netfilter/nf_dup_netdev.c,75,4,6,1451826138,1567942325,1496197227,7,,0
2,tools/testing/selftests/bpf/xdping.c,258,2,2,1559299634,1574828206,1559359822,2,,0
3,arch/parisc/math-emu/fmpyfadd.c,2642,2,2,1311247043,1558670650,1311340693,1,,0
4,drivers/mtd/devices/pmc551.c,847,8,11,1311247043,1567479150,1313976039,14,,0
5,drivers/media/platform/qcom/camss/camss-csiphy-3ph-1-0.c,257,2,2,1532493510,1534285648,1532500483,2,,0
6,virt/kvm/arm/vgic/vgic-debug.c,288,7,8,1484665753,1559519090,1491169612,8,388d4359680b,12.5
7,drivers/net/ethernet/mellanox/mlx5/core/eq.c,936,30,67,1373189149,1575616421,1512472110,116,0470e5e38c9d,11.20689655
8,arch/sh/boards/mach-microdev/io.c,123,2,2,1311247043,1545928306,1313155021,1,,0
9,drivers/extcon/extcon-fsa9480.c,396,2,2,1561094032,1563882181,1561101073,2,,0
10,fs/xfs/libxfs/xfs_dquot_buf.c,289,5,20,1381799872,1573549442,1447963239,26,,0
11,drivers/net/ethernet/netronome/nfp/nfpcore/nfp6000_pcie.c,1373,2,12,1486603049,1578275030,1490056984,13,,0
12,tools/testing/selftests/kvm/x86_64/vmx_set_nested_state_test.c,274,5,7,1556767901,1570542217,1557883224,9,9fd588772636,11.11111111
13,arch/powerpc/kernel/secure_boot.c,50,1,2,1572944422,1572944527,1572944454,2,,0
14,drivers/clk/at91/sam9x60.c,309,3,4,1554187856,1575948319,1554320010,4,66d9f5214c9b,50
15,arch/mips/emma/markeins/platform.c,199,3,3,1311247043,1558918505,1312730737,2,,0
16,tools/perf/tests/bpf-script-test-kbuild.c,21,2,2,1446788982,1560421745,1452200066,3,,0
17,drivers/ata/pata_sil680.c,441,7,10,1302853920,1566795445,1313364352,11,,0
18,drivers/media/usb/dvb-usb-v2/mxl111sf-phy.c,324,2,6,1314547535,1558918506,1315605995,5,,0
19,drivers/net/wireless/ath/ath9k/antenna.c,849,3,16,1338812629,1539079386,1356666914,20,72569b7be461,5
20,drivers/gpu/drm/vmwgfx/vmwgfx_execbuf.c,4071,19,88,1311247043,1575777208,1435351140,118,5ed7f4b5eca1,4.237288136
21,drivers/gpu/drm/nouveau/nvkm/engine/msppp/base.c,31,1,1,1440053661,1440053661,1440053661,1,,0
22,drivers/net/ethernet/qlogic/qlcnic/qlcnic_dcb.c,1147,4,12,1377236305,1539961871,1377982500,14,c94f026fb742,14.28571429
23,arch/powerpc/kernel/swsusp_64.c,24,4,4,1306477511,1559614298,1328701283,4,,0
24,drivers/mtd/nand/raw/mpc5121_nfc.c,834,17,37,1306830683,1574910852,1324038354,17,,0
25,net/ipv4/netfilter/ipt_SYNPROXY.c,120,8,13,1377564614,1562731559,1414467917,36,b83329fb473f,5.555555556
26,drivers/crypto/chelsio/chtls/chtls_io.c,1857,9,17,1522503720,1573005851,1523103309,17,f70b359b3830,5.882352941
27,arch/arm/mm/dump.c,452,8,12,1382515982,1559354935,1425796932,13,3b0c0c922ff4,7.692307692
28,samples/bpf/sockex3_user.c,84,7,9,1432025946,1551265450,1452091550,11,,0
29,drivers/iio/gyro/adxrs450.c,465,8,31,1307596147,1559008626,1327136599,10,,0
30,net/netfilter/nf_conncount.c,625,7,23,1512824468,1558242500,1526962420,27,a007232066f6,48.14814815
31,net/dccp/options.c,605,7,7,1311247043,1558918501,1312610926,8,,0
32,security/selinux/ss/sidtab.c,592,4,9,1311247043,1580694623,1536208188,14,39a706fbcf26,14.28571429
33,drivers/mtd/maps/ichxrom.c,383,8,8,1311247043,1578275030,1316526772,10,,0
34,samples/bpf/sampleip_user.c,200,7,8,1472726246,1579500409,1476275918,9,7cf245a37ef0,11.11111111
35,drivers/acpi/acpica/nseval.c,306,6,12,1311247043,1544675433,1360170611,24,,0
36,arch/x86/kvm/vmx/vmx.c,8109,119,615,1306221970,1583982256,1454382386,244,7a57c09bb1cb,14.3442623
37,drivers/net/wireless/realtek/rtlwifi/rtl8821ae/trx.c,989,7,16,1411349966,1558326239,1434486743,19,,0
38,drivers/net/ethernet/stmicro/stmmac/dwmac-sunxi.c,191,8,12,1389965087,1578280162,1426856243,12,52cc73e5404c,16.66666667
39,drivers/base/init.c,38,5,5,1311247043,1529566657,1327418515,6,,0
40,drivers/pinctrl/pinctrl-amd.c,987,25,37,1425970939,1578275030,1447601898,47,8dca4a41f1ad,4.255319149
41,drivers/input/misc/pmic8xxx-pwrkey.c,454,7,12,1311247043,1559085478,1397794923,20,eda5ecc0a6b8,5
42,drivers/media/usb/stk1160/stk1160-video.c,526,7,11,1344666777,1558918506,1348223379,14,,0
43,drivers/edac/i5000_edac.c,1585,10,22,1311247043,1573003982,1315733634,26,,0
44,sound/hda/hdac_controller.c,648,10,23,1428833173,1578898598,1448000642,25,1a7f60b9df61,20
45,arch/um/drivers/fd.c,95,3,3,1311247043,1566701356,1314744268,3,,0
46,arch/mips/pci/pci-tx4938.c,142,4,4,1311247043,1505807442,1330632228,3,19a8d6b7604d,66.66666667
47,net/netfilter/nft_meta.c,908,15,57,1381376480,1576641921,1508039049,73,6408c40c39d8,5.479452055
48,drivers/media/pci/saa7164/saa7164-cmd.c,572,5,7,1311247043,1558918506,1314841018,9,,0
49,drivers/irqchip/irq-versatile-fpga.c,232,11,18,1311247043,1509520077,1345575433,16,,0
50,sound/soc/codecs/tlv320aic23.c,615,10,14,1305014297,1559614293,1333904628,30,,0
51,drivers/gpio/gpio-wm831x.c,315,11,16,1307183908,1536816493,1334626414,20,,0
52,sound/hda/hdac_sysfs.c,467,5,10,1424761182,1562135712,1434849392,10,a92d5ee8666a,10
53,drivers/staging/rtl8723bs/hal/hal_pwr_seq.c,130,3,3,1490788071,1526919989,1491334768,1,,0
54,drivers/mfd/sky81452.c,91,3,3,1425022941,1559519090,1427270649,3,,0
55,sound/pci/echoaudio/darla20_dsp.c,129,3,3,1311247043,1439182973,1315830899,3,,0
56,arch/alpha/kernel/core_marvel.c,1147,5,8,1311247043,1552318231,1314062363,9,,0
57,tools/testing/selftests/bpf/progs/btf__core_reloc_nesting___err_dup_incompat_types.c,4,1,1,1565159995,1565159995,1565159995,1,,0
58,drivers/iio/proximity/srf08.c,560,2,6,1485346039,1559120264,1491649658,7,,0
59,drivers/input/misc/drv2665.c,313,5,5,1431072163,1558918521,1431989331,6,,0
60,drivers/soc/imx/gpcv2.c,654,6,15,1490660385,1566383584,1522080546,15,3637f12faf50,13.33333333
61,drivers/dax/device.c,486,8,45,1463199644,1561530427,1491365047,34,50f44ee7248a,17.64705882
62,net/ipv4/ip_fragment.c,751,30,65,1306881908,1564737303,1390053504,111,d5dd88794a13,11.71171171
63,net/ipv4/gre_demux.c,222,13,19,1303125322,1583589914,1395928370,26,17c25cafd4d3,19.23076923
64,arch/s390/boot/version.c,7,1,1,1563175833,1563175833,1563175833,1,,0
65,drivers/net/ethernet/toshiba/spider_net_ethtool.c,172,4,4,1311247043,1558918502,1329011671,4,,0
66,drivers/input/joystick/warrior.c,203,4,4,1308572746,1558350476,1310883819,5,,0
67,drivers/staging/gdm724x/netlink_k.c,127,8,10,1374646383,1524640278,1382497590,13,,0
68,drivers/net/ethernet/mellanox/mlx4/sense.c,143,3,3,1311247043,1345526303,1311661214,4,,0
69,drivers/ata/pata_gayle.c,219,1,1,1521191747,1521191747,1521191747,1,,0
70,fs/jffs2/xattr.c,1347,8,9,1311247043,1449038683,1313733190,10,,0
71,drivers/net/wireless/intersil/hostap/hostap_80211_tx.c,554,6,6,1306484063,1509520077,1312621736,3,,0
72,net/netfilter/ipset/ip_set_hash_mac.c,167,7,13,1410773766,1570107362,1423561879,14,,0
73,tools/perf/util/stat.c,525,12,58,1347870674,1574237719,1461344363,76,b63fd11cced1,3.947368421
74,tools/testing/selftests/vDSO/parse_vdso.c,269,1,2,1310520256,1402566790,1324207473,1,,0
75,drivers/gpu/drm/nouveau/nvkm/subdev/devinit/nv20.c,79,1,6,1341974660,1440053660,1375350377,6,,0
76,drivers/thunderbolt/ctl.c,1029,7,22,1401804239,1576568019,1453605956,28,02729d17b1b8,3.571428571
77,drivers/pinctrl/freescale/pinctrl-imx8qxp.c,232,1,1,1540879856,1540879856,1540879856,1,,0
78,arch/powerpc/platforms/85xx/ge_imp3a.c,214,5,6,1331543580,1558918501,1335472381,10,,0
79,drivers/net/ethernet/marvell/mvpp2/mvpp2_cls.c,1733,4,40,1527732463,1562306953,1544078855,48,3f6f7a175ad4,6.25
80,drivers/usb/common/usb-conn-gpio.c,285,2,2,1567070557,1574919837,1567125640,2,,0
81,arch/sh/mm/consistent.c,67,3,3,1311247043,1571368702,1322187629,11,b9826a4929bb,9.090909091
82,drivers/base/component.c,775,10,21,1389367417,1574052871,1449835608,24,ef9ffc1e5f1a,8.333333333
83,drivers/media/platform/s5p-mfc/s5p_mfc_cmd_v5.c,163,7,8,1308624686,1558918501,1328249849,8,,0
84,drivers/infiniband/hw/efa/efa_com.c,1101,2,5,1557061167,1573529168,1557479700,5,64c264872b88,20
85,drivers/gpio/gpio-sa1100.c,328,8,15,1311247043,1573008852,1430421699,19,56beac95cb88,5.263157895
86,net/ipv4/netfilter/ipt_rpfilter.c,126,9,14,1309790890,1562011176,1339995207,16,5a847a6e1477,18.75
87,drivers/input/misc/pm8xxx-vibrator.c,262,8,13,1312213304,1579239636,1361245425,18,996d5d5f89a5,5.555555556
88,arch/powerpc/platforms/85xx/smp.c,519,19,33,1282762147,1578284994,1386821262,39,,0
89,drivers/media/platform/qcom/camss/camss-vfe-4-7.c,1141,2,3,1532493514,1534285648,1532495085,3,,0
90,arch/arm/mach-ixp4xx/ixp4xx-of.c,60,1,1,1548569316,1548569316,1548569316,1,,0
91,net/core/dev.c,10539,173,639,1307200791,1582512960,1410949286,836,6e11d1578fba,13.15789474
92,drivers/mtd/rfd_ftl.c,814,7,10,1309677451,1558242500,1319838450,11,,0
93,net/caif/caif_socket.c,1124,22,33,1311247043,1571841890,1320447138,37,,0
94,security/integrity/ima/ima_mok.c,50,7,9,1447117238,1562755423,1464051947,10,,0
95,drivers/clk/sifive/fu540-prci.c,627,2,2,1555572022,1556603460,1556601815,2,,0
96,drivers/staging/greybus/audio_apbridgea.c,205,4,7,1452665267,1566690867,1455576371,10,,0
97,drivers/scsi/fcoe/fcoe.c,2838,30,82,1308560350,1566279789,1328814524,104,8beb90aaf334,1.923076923
98,drivers/power/supply/isp1704_charger.c,514,12,18,1311247043,1562294172,1335916389,5,8b20839988f1,20
99,drivers/mtd/hyperbus/hyperbus-core.c,153,1,1,1561440464,1561440464,1561440464,1,,0
100,drivers/oprofile/oprofile_files.c,201,3,6,1311247043,1374221436,1315579437,5,,0
101,drivers/iio/pressure/st_pressure_buffer.c,82,4,5,1370246280,1564977431,1406869509,8,65925b65ed98,12.5
102,net/ipv4/netfilter/nf_flow_table_ipv4.c,36,3,6,1515258255,1573625281,1519885260,12,,0
103,drivers/tee/amdtee/core.c,518,3,9,1577415241,1582523499,1577696404,9,b83685bceedb,33.33333333
104,drivers/media/i2c/adv7343.c,531,8,13,1311247043,1562755909,1323060931,15,,0
105,drivers/net/ethernet/amd/mvme147.c,200,6,7,1311247043,1558242500,1320710517,10,,0
106,drivers/watchdog/da9062_wdt.c,267,7,12,1432794811,1581034518,1469778520,15,8541673d2a5f,6.666666667
107,sound/soc/intel/boards/skl_hda_dsp_common.c,174,6,7,1534922699,1579691574,1546242657,8,15adb20f64c3,12.5
108,arch/alpha/oprofile/op_model_ev67.c,261,1,1,1311247043,1311247043,1311247043,2,,0
109,net/netfilter/xt_LED.c,202,7,8,1311247043,1558918512,1326886898,8,10414014bc08,25
110,fs/reiserfs/dir.c,346,7,19,1310820296,1499412052,1341302561,18,,0
111,arch/alpha/boot/bootp.c,215,2,2,1311247043,1509520077,1312169243,2,,0
112,drivers/input/touchscreen/imx6ul_tsc.c,573,5,12,1441423881,1565750798,1448472261,13,,0
113,drivers/misc/cxl/trace.c,9,2,2,1420806876,1558918501,1436152612,2,,0
114,drivers/hwtracing/coresight/coresight-tmc-etf.c,680,6,38,1462246430,1572837170,1491158893,44,edda32dabedb,6.818181818
115,arch/s390/tools/gen_opcode_table.c,337,4,4,1509946196,1530264729,1510107744,4,,0
116,fs/ext4/indirect.c,1438,13,31,1309174850,1572947069,1350408081,62,,0
117,net/netfilter/ipvs/ip_vs_nq.c,138,5,8,1311247043,1558918501,1319291724,7,,0
118,arch/arm/mach-orion5x/rd88f5182-setup.c,291,10,12,1307691021,1449066428,1314934093,13,,0
119,net/sctp/socket.c,9672,50,284,1303817571,1575870318,1389203699,330,a904a0693c18,19.09090909
120,drivers/media/rc/keymaps/rc-terratec-cinergy-s2-hd.c,82,4,4,1433581091,1561347734,1454032990,4,,0
121,drivers/mmc/host/sdhci-dove.c,120,13,24,1306511292,1559008625,1337582176,32,,0
122,drivers/watchdog/at91rm9200_wdt.c,343,12,15,1311247043,1559542989,1334314694,17,,0
123,drivers/net/wireless/ti/wlcore/vendor_cmd.c,207,5,9,1405018892,1561428291,1423689340,10,1667e4f9bcfb,20
124,drivers/input/keyboard/maple_keyb.c,245,2,2,1308572746,1558315145,1309592103,2,,0
125,drivers/staging/comedi/drivers/pcl724.c,153,4,25,1311247043,1510037923,1357597083,36,,0
126,drivers/scsi/aic7xxx/aic7xxx_pci.c,2462,3,3,1311247043,1491647322,1311420828,3,,0
127,net/netfilter/nft_flow_offload.c,288,7,18,1515258266,1573489794,1526199143,23,8ca79606cdfd,17.39130435
128,net/sctp/stream_sched.c,273,4,7,1507029613,1562605026,1508441784,9,1ba896f6f52b,22.22222222
129,drivers/clk/zynq/clkc.c,618,10,18,1368413197,1559354896,1375930269,20,,0
130,arch/mips/txx9/generic/setup_tx4938.c,485,5,5,1311247043,1531145380,1316417588,5,2cec11d87181,20
131,drivers/gpu/drm/v3d/v3d_drv.c,388,7,14,1525057858,1575517080,1530001942,19,,0
132,sound/core/info_oss.c,107,5,5,1311247043,1558918505,1321696919,6,,0
133,drivers/rtc/rtc-s3c.c,834,23,43,1306157047,1570357760,1391775445,64,70c96dfac0e2,1.5625
134,arch/arm/mach-tegra/pm-tegra20.c,24,3,3,1376300405,1559009404,1385110892,3,,0
135,drivers/mtd/nand/raw/ndfc.c,274,10,30,1311247043,1558918501,1339665531,19,,0
136,sound/soc/xilinx/xlnx_spdif.c,338,2,2,1546529992,1564240055,1546582389,2,,0
137,drivers/power/supply/twl4030_madc_battery.c,278,3,6,1377747712,1558242500,1393321584,3,,0
138,drivers/phy/phy-core.c,1165,26,41,1380254005,1582019058,1417872858,45,1d7cb11e1090,4.444444444
139,arch/powerpc/boot/cuboot-8xx.c,44,2,2,1311247043,1559614293,1316891753,1,,0
140,drivers/base/firmware_loader/fallback.c,656,8,19,1520633689,1579080947,1522240447,22,2472d64af2d3,4.545454545
141,drivers/staging/wfx/bh.c,320,2,12,1568874340,1576570529,1569038400,13,,0
142,arch/mips/kernel/rtlx-cmp.c,122,2,3,1388564943,1403166623,1389046687,3,,0
143,drivers/gpio/gpio-tegra186.c,846,6,11,1510053356,1578990499,1531053194,13,,0
144,fs/xfs/scrub/trace.c,38,2,5,1508247454,1531974552,1510645686,8,,0
145,arch/arm/mach-versatile/versatile_dt.c,190,6,7,1311621546,1558918505,1430255176,19,,0
146,drivers/net/ethernet/davicom/dm9000.c,1800,38,48,1307200791,1581842383,1325879224,54,2d2924af9688,7.407407407
147,drivers/target/target_core_fabric_lib.c,423,14,17,1307500603,1573106125,1353763438,20,c941e0d17260,5
148,tools/testing/selftests/bpf/progs/test_global_func7.c,18,2,2,1578580884,1579500405,1578631969,2,3e689141e64d,50
149,drivers/ptp/ptp_clock.c,416,16,27,1311247043,1578895209,1365646748,29,75718584cb3c,10.34482759
150,arch/sparc/prom/console_32.c,57,2,2,1311247043,1509520077,1314725517,2,,0
151,arch/x86/mm/pgtable.c,873,27,46,1311247043,1569401386,1411631567,55,caa841360134,14.54545455
152,drivers/mailbox/pcc.c,611,18,21,1415793578,1558918506,1448714252,23,afd0b1fb2226,4.347826087
153,drivers/infiniband/core/cma.c,4836,56,204,1306481746,1581470789,1388729895,249,e4103312d7b7,15.26104418
154,fs/proc/devices.c,59,5,6,1311247043,1523619858,1332180955,5,,0
155,drivers/gpu/drm/amd/amdgpu/amdgpu_gart.c,401,13,30,1429520121,1572874042,1475282582,47,e8b74035d803,2.127659574
156,drivers/net/ethernet/netronome/nfp/nfpcore/nfp_resource.c,366,1,8,1486603050,1539219462,1496775028,8,,0
157,drivers/hid/hid-corsair.c,751,8,10,1443597260,1558918501,1450452751,10,7a546af50eb7,20
158,arch/mips/jazz/setup.c,212,4,5,1311247043,1531381375,1332466126,4,,0
159,arch/x86/entry/syscall_32.c,32,6,9,1320998861,1570520448,1412301380,11,,0
160,drivers/media/pci/cx23885/cx23885-ir.c,104,3,4,1311247043,1558918506,1317239755,5,,0
161,drivers/bluetooth/bt3c_cs.c,749,13,21,1311247043,1535295300,1320605209,27,,0
162,net/ipv4/netfilter/nf_tproxy_ipv4.c,154,3,4,1527857096,1559614293,1529718921,4,5711b4e89319,25
163,fs/btrfs/tests/btrfs-tests.c,324,13,25,1381291256,1574143551,1454480652,35,7227ff4de55d,11.42857143
164,drivers/net/can/rx-offload.c,365,7,16,1411457301,1570626032,1471475189,19,a2dc3f5e1022,15.78947368
165,drivers/net/usb/cx82310_eth.c,339,8,9,1311247043,1565759018,1325901349,11,a9e840a2081e,9.090909091
166,arch/x86/kernel/cpu/zhaoxin.c,132,2,2,1560818225,1576845901,1560939647,4,,0
167,arch/um/drivers/tty.c,81,3,3,1311247043,1566701356,1315348726,3,,0
168,drivers/clk/uniphier/clk-uniphier-fixed-rate.c,38,2,2,1474015203,1558918506,1476249500,2,,0
169,arch/m68k/kernel/machine_kexec.c,59,2,2,1377010307,1509520077,1379256235,2,,0
170,drivers/soc/amlogic/meson-mx-socinfo.c,174,1,1,1506154442,1506154442,1506154442,2,,0
171,drivers/staging/vt6656/baseband.c,863,10,52,1311247043,1577674520,1403602095,88,,0
172,tools/lib/traceevent/plugins/plugin_kvm.c,522,8,17,1386050969,1554093798,1400651347,1,,0
173,mm/khugepaged.c,2213,29,60,1469517984,1575107839,1490124599,74,4655e5e5f387,25.67567568
174,drivers/vhost/vsock.c,852,13,28,1469691394,1575617952,1490654616,33,e79b431fb901,9.090909091
175,drivers/gpu/drm/vboxvideo/vbox_mode.c,889,8,39,1499328361,1572244319,1522456417,7,86d35f87ebaa,14.28571429
176,tools/testing/selftests/bpf/verifier/const_or.c,60,1,1,1548401083,1548401083,1548401083,1,,0
177,drivers/infiniband/hw/vmw_pvrdma/pvrdma_doorbell.c,127,1,1,1475406622,1475406622,1475406622,1,,0
178,drivers/leds/leds-cr0014114.c,303,3,3,1522655630,1560082744,1524034338,4,,0
179,drivers/gpu/drm/pl111/pl111_drv.c,463,12,28,1491999466,1575702212,1507747887,33,66d6dd45eee2,6.060606061
180,drivers/media/platform/seco-cec/seco-cec.c,803,6,9,1540097899,1570165464,1541062252,9,a9cc4cbcdfd3,11.11111111
181,drivers/mtd/tests/torturetest.c,482,11,15,1311247043,1559120261,1321924432,7,68f29815034e,14.28571429
182,arch/mips/pnx833x/stb22x/board.c,120,4,4,1311247043,1558315142,1313981777,3,,0
183,drivers/cpufreq/s3c2440-cpufreq.c,306,8,9,1311247043,1559614293,1315943472,8,,0
184,net/mac80211/debugfs_key.c,441,9,17,1306480715,1559614293,1340704581,19,,0
185,drivers/char/nwbutton.c,247,7,10,1311247043,1558242500,1318996733,9,bb35e4515411,11.11111111
186,drivers/regulator/tps51632-regulator.c,388,7,12,1349527666,1464686760,1358568909,18,,0
187,drivers/s390/scsi/zfcp_unit.c,263,6,9,1311247043,1558596226,1324059586,8,ef4021fe5fd7,25
188,sound/soc/fsl/fsl_dma.c,970,15,21,1305014297,1569998088,1318928256,28,d3de1eb461e5,7.142857143
189,drivers/gpu/drm/nouveau/nvkm/subdev/bar/base.c,142,2,15,1342264157,1544511002,1457550720,23,e062a01e6daa,4.347826087
190,drivers/gpu/drm/rockchip/rockchip_drm_drv.c,521,24,34,1408703786,1563895118,1465866503,70,b8f9d7f37b6a,5.714285714
191,scripts/dtc/libfdt/fdt_strerror.c,59,2,4,1311247043,1561076312,1337219617,3,,0
192,drivers/gpu/drm/nouveau/dispnv50/head917d.c,101,2,5,1525783187,1567700039,1526198205,5,,0
193,drivers/staging/rts5208/sd.c,4717,20,32,1384247768,1567127447,1406339581,37,c5fae4f4fd28,2.702702703
194,drivers/usb/core/generic.c,295,9,11,1311247043,1565144990,1351364632,11,ff2a8c532c14,9.090909091
195,sound/soc/intel/common/sst-acpi.c,236,6,9,1394636675,1566452173,1402928098,11,ca964edf0ddb,27.27272727
196,drivers/gpu/drm/panel/panel-tpo-td043mtea1.c,515,3,6,1565709061,1575702215,1565848811,7,cc635be34eb6,14.28571429
197,drivers/leds/leds-lm3530.c,501,11,21,1309672563,1559008644,1323661905,24,,0
198,drivers/staging/media/sunxi/cedrus/cedrus_h264.c,689,3,8,1558646431,1573342201,1561279306,8,a6b8feae7c88,12.5
199,drivers/parport/parport_ip32.c,2239,9,9,1311247043,1558918505,1312769854,8,,0
200,drivers/scsi/mac_scsi.c,547,5,29,1309230957,1572667614,1483155612,53,78ff751f8e6a,3.773584906
201,drivers/media/pci/ttpci/av7110_ca.c,380,5,8,1311247043,1558581290,1319738960,9,,0
202,drivers/iio/magnetometer/st_magn_core.c,565,10,33,1359128640,1564714753,1418934560,44,e72a060151e5,13.63636364
203,arch/arm/nwfpe/fpmodule.c,178,5,6,1311247043,1558315142,1317297461,6,,0
204,fs/proc_namespace.c,339,10,24,1323145314,1553503111,1345180350,27,,0
205,lib/string_helpers.c,651,12,22,1311247043,1563265656,1424609144,23,,0
206,drivers/iio/industrialio-configfs.c,48,4,4,1447031639,1559614293,1450697654,4,,0
207,fs/namespace.c,3977,43,237,1267958976,1579520997,1399717939,311,0ecee6699064,7.717041801
208,drivers/staging/iio/adc/ad7280a.c,1041,25,49,1311145389,1554179515,1392824431,68,794e20ee038e,2.941176471
209,drivers/md/dm-log.c,890,8,9,1311247043,1477957210,1312832660,8,9c5a559d9495,12.5
210,drivers/media/common/videobuf2/videobuf2-dma-sg.c,649,17,33,1311247043,1557739339,1393448716,9,,0
211,arch/powerpc/platforms/cell/spufs/backing_ops.c,400,3,4,1311247043,1558918502,1315345252,4,,0
212,net/ceph/striper.c,278,1,3,1517556202,1559733911,1520301050,3,,0
213,arch/powerpc/platforms/embedded6xx/hlwd-pic.c,235,10,13,1311247043,1558918501,1322260127,13,,0
214,arch/parisc/math-emu/dfmpy.c,381,2,2,1311247043,1558670650,1311896449,1,,0
215,drivers/net/wireless/ath/ath10k/htt_tx.c,1789,24,74,1371041530,1567560816,1468708397,98,d39de9919a0c,2.040816327
216,drivers/input/gameport/emu10k1-gp.c,111,4,6,1308572746,1558918505,1312285460,7,,0
217,drivers/infiniband/hw/mlx5/mem.c,392,12,13,1373189149,1560151284,1490344111,21,cbe4b8f0a576,19.04761905
218,arch/arm/mach-s3c24xx/s3c2416.c,132,10,17,1311247043,1571823503,1333523234,16,,0
219,net/sunrpc/auth_gss/gss_rpc_xdr.c,839,9,17,1337940595,1549855515,1345426449,17,,0
220,fs/btrfs/file-item.c,1009,23,66,1309949513,1578468593,1368590549,88,,0
221,fs/ecryptfs/main.c,890,18,29,1311247043,1581600354,1319048913,31,,0
222,net/mac80211/status.c,1225,34,87,1310701654,1574085970,1413907588,112,08a5bdde3812,6.25
223,sound/soc/tegra/tegra_max98090.c,298,8,12,1386141567,1561690125,1398963260,17,,0
224,arch/s390/kernel/setup.c,1189,23,116,1311247043,1580393787,1402484931,157,40260b01d029,4.458598726
225,drivers/memory/jz4780-nemc.c,406,5,6,1425882544,1559885623,1434890530,8,,0
226,drivers/net/wireless/ralink/rt2x00/rt2500pci.c,2139,16,27,1306480715,1558252303,1321176089,12,,0
227,drivers/gpu/drm/udl/udl_modeset.c,522,9,16,1292368464,1575942544,1422279683,33,,0
228,scripts/kconfig/lxdialog/menubox.c,424,6,8,1311247043,1545138815,1316811821,7,,0
229,sound/pci/asihpi/hpi6000.c,1801,3,7,1307980322,1559085167,1308713987,6,,0
230,drivers/power/supply/apm_power.c,376,4,5,1302457213,1426121051,1303532094,1,,0
231,drivers/usb/chipidea/otg_fsm.c,844,8,23,1398239804,1516677847,1410203887,30,a5a356cee89f,3.333333333
232,kernel/time/timer_list.c,380,12,21,1311247043,1560482164,1358471058,29,,0
233,drivers/crypto/ccree/cc_pm.c,114,3,14,1516584420,1579148085,1530036076,15,15fd2566bf54,6.666666667
234,drivers/media/platform/mtk-vcodec/mtk_vcodec_enc.c,1333,9,20,1462230684,1578365088,1468255757,24,52fafc58c353,4.166666667
235,drivers/media/common/b2c2/flexcop-hw-filter.c,245,3,3,1311247043,1509520077,1319011907,3,,0
236,arch/x86/entry/vdso/vdso2c.c,252,5,16,1399263574,1573493231,1406963318,9,81d30225bc0c,22.22222222
237,lib/test_printf.c,690,9,21,1446798629,1571144825,1479953225,23,ce041c43f222,4.347826087
238,drivers/s390/crypto/zcrypt_ccamisc.c,1765,1,8,1560223016,1576803969,1561140484,8,94dd3bada53e,25
239,arch/sparc/mm/init_64.c,3219,36,103,1310374312,1574564240,1361103560,120,473ad7f4fb00,0.833333333
240,tools/firewire/decode-fcp.c,214,2,2,1311247043,1509520077,1312173553,1,,0
241,drivers/pci/controller/pcie-altera-msi.c,301,5,6,1445596033,1556081835,1450340917,2,,0
242,drivers/clk/ti/composite.c,275,5,10,1378712805,1535424269,1388687706,14,,0
243,drivers/gpu/drm/tve200/tve200_drv.c,284,8,13,1503201955,1575702212,1506724442,16,44390ef51900,6.25
244,drivers/i2c/busses/i2c-lpc2k.c,502,4,5,1439727016,1558918501,1440310768,5,,0
245,drivers/gpu/drm/nouveau/nvkm/subdev/acr/gp102.c,281,1,2,1579041261,1579041262,1579041262,2,,0
246,sound/firewire/digi00x/digi00x-hwdep.c,198,4,6,1443577161,1559120279,1446716234,6,,0
247,tools/perf/tests/bpf-script-test-relocation.c,51,2,2,1453686948,1560421745,1455779787,2,,0
248,drivers/pwm/pwm-jz4740.c,205,7,13,1345600884,1566639427,1399499323,17,,0
249,drivers/rtc/rtc-ps3.c,73,3,7,1311247043,1553060668,1344672806,9,,0
250,drivers/gpu/ipu-v3/ipu-dmfc.c,214,4,9,1348193269,1558918506,1358103604,7,,0
251,crypto/ccm.c,980,9,27,1311247043,1577966678,1401024879,30,6a1faa4a43f5,6.666666667
252,net/netfilter/nf_conntrack_proto_dccp.c,769,14,30,1311247043,1578324857,1351252679,57,1d9a7acd3d1e,7.01754386
253,drivers/usb/host/fhci-tds.c,622,6,6,1311247043,1528782900,1312503905,6,,0
254,tools/testing/selftests/bpf/verifier/raw_tp_writable.c,34,1,1,1556250591,1556250591,1556250591,1,,0
255,drivers/pinctrl/meson/pinctrl-meson-gxl.c,845,7,23,1477906331,1582179312,1495627970,28,dc7a06b0dbba,25
256,arch/x86/kernel/devicetree.c,324,14,23,1302491949,1542852249,1364591097,35,0a5169add90e,5.714285714
257,drivers/gpu/drm/sun4i/sun4i_framebuffer.c,51,4,8,1446082583,1558918501,1482247434,13,,0
258,drivers/target/iscsi/iscsi_target_tpg.c,910,10,33,1311374584,1558918506,1334639617,42,35bea5c84fd1,4.761904762
259,arch/m68k/sun3/sun3dvma.c,381,5,10,1311247043,1552318231,1325770532,9,,0
260,arch/unicore32/kernel/puv3-nb0916.c,148,5,6,1311247043,1559614293,1322529973,6,,0
261,drivers/memory/pl353-smc.c,463,1,1,1544091454,1544091454,1544091454,1,,0
262,drivers/gpu/drm/sti/sti_hqvdp.c,1423,14,31,1418269139,1559720915,1436169435,39,070473bcf703,2.564102564
263,tools/testing/selftests/breakpoints/breakpoint_test_arm64.c,250,6,6,1479123166,1572528180,1484790073,7,5b06eeae52c0,14.28571429
264,drivers/video/fbdev/i810/i810_accel.c,456,1,1,1311247043,1311247043,1311247043,1,,0
265,arch/mips/pci/pci-rc32434.c,231,3,3,1306157047,1358830770,1306865011,4,,0
266,drivers/gpu/drm/amd/display/dc/dce110/dce110_resource.c,1505,32,81,1480493747,1572931050,1512288997,111,2f2c3b36fc5a,0.900900901
267,net/mac80211/mlme.c,5685,72,340,1307517991,1582253240,1388133319,459,0daa63ed4c6c,3.921568627
268,net/ieee802154/netlink.c,147,10,18,1311247043,1558918521,1361435078,24,,0
269,drivers/pci/controller/dwc/pcie-tegra194.c,1730,1,4,1565687187,1570284731,1565799165,4,,0
270,drivers/clk/tegra/clk-utils.c,43,1,1,1531378380,1531378380,1531378380,1,,0
271,drivers/net/wireless/realtek/rtlwifi/rtl8723ae/hal_btc.c,1757,3,9,1351143992,1550123957,1373097108,6,,0
272,arch/mips/sibyte/swarm/swarm-i2c.c,31,2,2,1311247043,1558918501,1319236445,1,,0
273,drivers/watchdog/alim7101_wdt.c,451,10,11,1311247043,1559542989,1322765341,13,,0
274,drivers/gpio/gpio-lpc32xx.c,547,13,23,1311247043,1565340031,1357906834,27,,0
275,arch/arm/mach-s3c24xx/mach-smdk2413.c,158,10,13,1309876697,1514206472,1330108603,17,,0
276,drivers/staging/comedi/drivers/pcl711.c,513,4,52,1311247043,1510037923,1364420856,79,,0
277,drivers/net/ethernet/intel/e1000e/netdev.c,7826,80,252,1305242388,1578151762,1342257594,295,fff200caf6f9,2.372881356
278,drivers/gpu/drm/panel/panel-samsung-s6e3ha2.c,789,4,7,1488940956,1575702215,1490433408,8,,0
279,drivers/cpufreq/s5pv210-cpufreq.c,696,18,32,1306909102,1578383599,1360695319,41,,0
280,drivers/gpu/drm/lima/lima_sched.c,343,6,8,1552134012,1577875111,1553337688,8,d48ae1f0532c,12.5
281,fs/gfs2/lock_dlm.c,1348,16,29,1311247043,1566468429,1331827447,32,5a5ec83d6ac9,3.125
282,drivers/media/usb/uvc/uvc_metadata.c,176,5,5,1512526540,1563904572,1514145158,5,,0
283,drivers/pci/controller/pci-aardvark.c,1040,13,28,1467257551,1572427857,1485942640,19,c0f05a6ab525,26.31578947
284,mm/workingset.c,608,13,39,1396507671,1575107759,1458272204,57,ec9f02384f60,10.52631579
285,drivers/mfd/tps65911-comparator.c,177,8,10,1308795556,1558918501,1319650535,10,1768391c3674,20
286,sound/soc/intel/atom/sst/sst_pci.c,201,3,3,1415089516,1559085479,1416237178,3,,0
287,kernel/trace/trace_preemptirq.c,93,3,4,1549991620,1549991620,1549991620,4,3f1756dc210e,50
288,crypto/rng.c,228,9,16,1311247043,1558918501,1378305028,20,f7d76e05d058,5
289,drivers/gpu/drm/qxl/qxl_debugfs.c,130,8,11,1361774875,1565489192,1385959236,17,48d9831627c6,5.882352941
290,tools/testing/selftests/rtc/rtctest.c,337,3,6,1427099529,1558629743,1518309366,5,,0
291,drivers/gpu/drm/amd/display/dc/dcn10/dcn10_ipp.c,92,3,5,1494227946,1560096470,1508152184,16,,0
292,drivers/char/hw_random/meson-rng.c,98,4,5,1465525313,1571222774,1472647781,7,,0
293,arch/powerpc/platforms/85xx/t1042rdb_diu.c,152,4,4,1480056055,1558918501,1482341100,4,,0
294,drivers/scsi/snic/snic_main.c,1012,4,6,1432832641,1548144543,1434042698,8,,0
295,net/netfilter/xt_REDIRECT.c,118,5,6,1348198894,1559614293,1365358972,8,,0
296,drivers/gpu/drm/amd/display/dc/dcn10/dcn10_dpp.c,580,19,40,1494227946,1568353416,1507631117,54,55a806d37f2e,1.851851852
297,drivers/gpu/drm/amd/display/dc/core/dc_sink.c,110,7,11,1486102781,1572529179,1508650978,15,,0
298,tools/perf/util/genelf.c,508,6,8,1448848941,1567061990,1455571936,10,621cb4e7837e,10
299,fs/ceph/debugfs.c,316,14,21,1311247043,1575413859,1379154339,24,3e8730fac951,4.166666667
300,drivers/gpu/drm/amd/amdgpu/amdgpu_ras_eeprom.c,525,4,9,1556679434,1574677457,1561603339,9,,0
301,drivers/soc/tegra/powergate-bpmp.c,362,3,3,1490783692,1559085482,1491474235,3,,0
302,arch/arm/mach-pxa/colibri-pxa270.c,330,12,12,1305725404,1559614293,1313603308,11,a927ef895e28,9.090909091
303,drivers/media/i2c/lm3560.c,483,6,15,1381867939,1558918521,1384924017,18,,0
304,drivers/media/i2c/dw9807-vcm.c,329,2,2,1524579128,1538731209,1524665159,3,,0
305,drivers/rtc/rtc-ds1347.c,183,3,11,1396507816,1570434444,1471856230,14,,0
306,net/llc/llc_if.c,157,3,3,1311247043,1570343066,1325103758,3,fc8d5db10cbe,33.33333333
307,drivers/input/touchscreen/mcs5000_ts.c,288,7,8,1308572746,1558918501,1321931438,13,,0
308,fs/afs/misc.c,169,5,8,1311247043,1561716005,1467949582,8,4584ae96ae30,25
309,drivers/gpu/drm/omapdrm/dss/hdmi5.c,801,7,45,1394685854,1559519090,1449755398,73,24ec84e854c6,1.369863014
310,arch/sparc/mm/tlb.c,301,11,21,1311247043,1522916679,1384621652,22,cfb61b5e3e09,4.545454545
311,drivers/i2c/busses/i2c-sun6i-p2wi.c,343,4,5,1402456650,1500456333,1403314013,7,,0
312,drivers/mfd/tc6387xb.c,233,10,13,1307582012,1559614293,1318596894,13,,0
313,arch/sparc/crypto/camellia_glue.c,294,4,8,1346126754,1577711976,1420558769,12,,0
314,sound/aoa/core/alsa.c,98,3,5,1311247043,1578014187,1318943296,4,,0
315,tools/testing/selftests/arm64/signal/testcases/testcases.c,196,2,3,1572001027,1573434756,1572008343,3,32667745cab9,33.33333333
316,drivers/net/xen-netfront.c,2223,45,92,1306881908,1569938201,1365608043,121,a761129e3625,9.090909091
317,crypto/lrw.c,440,9,18,1311247043,1577966325,1446709753,25,20a0f9761343,44
318,drivers/gpu/drm/bridge/adv7511/adv7511_drv.c,1321,19,42,1330936257,1567048115,1394335310,39,67793bd3b394,10.25641026
319,drivers/cpufreq/ppc_cbe_cpufreq_pmi.c,151,5,6,1311247043,1571201226,1412727445,8,3000ce3c52f8,12.5
320,drivers/net/ethernet/netronome/nfp/nic/main.c,40,2,5,1496189206,1539219462,1500762379,5,,0
321,drivers/pinctrl/stm32/pinctrl-stm32.c,1556,17,35,1452748590,1565241896,1485591221,37,702cb0a02813,5.405405405
322,fs/gfs2/quota.c,1765,21,73,1311247043,1573696335,1348948227,96,,0
323,tools/testing/selftests/kvm/x86_64/state_test.c,194,7,14,1532582363,1559646826,1534416823,8,0f73bbc851ed,12.5
324,drivers/gpu/drm/nouveau/nvkm/engine/fifo/gpfifotu102.c,83,1,2,1544511002,1547698307,1544703008,1,,0
325,drivers/platform/x86/hdaps.c,627,8,9,1311247043,1569902377,1320213175,9,,0
326,drivers/net/dsa/bcm_sf2_cfp.c,1293,7,25,1485740923,1576812261,1515283424,32,7c3125f0a6eb,28.125
327,sound/soc/codecs/wm8998.c,1422,5,18,1443420069,1559614293,1450974539,22,,0
328,drivers/clk/sunxi-ng/ccu_mux.c,287,4,15,1467205526,1558918501,1475942145,18,,0
329,arch/openrisc/kernel/time.c,172,4,5,1307197092,1558918501,1341915277,7,,0
330,net/dsa/slave.c,1739,32,159,1311247043,1583218906,1479523184,301,8640f8dc6d65,10.63122924
331,drivers/staging/media/soc_camera/soc_ov9740.c,992,11,30,1308831579,1554179521,1319873904,2,,0
332,drivers/media/i2c/mt9m111.c,1399,21,58,1307233659,1563312253,1388722153,25,8d4e29a51a95,8
333,lib/dynamic_debug.c,1080,17,54,1311247043,1560332134,1337826125,64,,0
334,sound/pci/cs5530.c,289,7,13,1307354793,1578014185,1315868813,13,,0
335,drivers/thermal/broadcom/bcm2711_thermal.c,123,1,1,1578916576,1578916576,1578916576,1,,0
336,drivers/misc/vmw_vmci/vmci_event.c,217,3,3,1357631663,1559120256,1359152399,3,,0
337,sound/core/rawmidi_compat.c,121,4,5,1311247043,1558918505,1373364372,5,,0
338,sound/isa/azt2320.c,342,8,10,1310183803,1558918505,1314907980,9,,0
339,drivers/gpu/drm/nouveau/nvkm/subdev/fb/gddr5.c,121,2,11,1362380497,1443543824,1374359569,4,,0
340,drivers/input/input.c,2528,21,48,1311247043,1580722637,1337395574,49,4370b231d100,2.040816327
341,arch/mips/kernel/syscall.c,251,11,19,1311247043,1570013989,1336757783,30,1c6c1ca31858,13.33333333
342,drivers/net/ethernet/ibm/ehea/ehea_ethtool.c,277,8,8,1311247043,1558918502,1331851807,9,,0
343,drivers/video/backlight/lms283gf05.c,200,7,15,1309681048,1563982708,1318450788,17,,0
344,drivers/clk/mediatek/clk-mt2701-hif.c,73,2,3,1478245385,1558918521,1479350497,3,,0
345,net/sunrpc/auth_null.c,143,6,11,1311247043,1549855536,1371784555,19,,0
346,fs/cifs/misc.c,1023,20,50,1311247043,1572339079,1408824498,64,0544b324e62c,3.125
347,drivers/iio/dac/ad5446.c,638,13,37,1307596147,1573012041,1343013008,22,,0
348,fs/qnx4/bitmap.c,45,3,3,1311247043,1509520077,1319251268,2,,0
349,arch/unicore32/mm/mmu.c,513,7,8,1310374312,1559614293,1318977583,10,,0
350,arch/powerpc/boot/simple_alloc.c,150,1,1,1311247043,1311247043,1311247043,0,,0
351,drivers/misc/habanalabs/sysfs.c,427,1,5,1550248759,1565254854,1550582641,8,,0
352,drivers/mfd/menf21bmc.c,121,3,3,1409140305,1558918501,1411219551,3,,0
353,drivers/net/wireless/ralink/rt2x00/rt2x00pci.c,212,7,7,1311247043,1558252303,1317411373,3,,0
354,drivers/bluetooth/hci_bcm.c,1525,27,96,1428135183,1579057963,1486882867,121,e601daed271e,9.090909091
355,drivers/staging/media/soc_camera/soc_mt9v022.c,1008,18,36,1309672992,1559948172,1330836753,3,,0
356,lib/raid6/recov_neon.c,106,2,2,1499940961,1559354935,1500501470,2,,0
357,drivers/gpu/drm/amd/display/dc/calcs/custom_float.c,197,2,2,1486435297,1524022673,1490823671,2,,0
358,drivers/net/can/vxcan.c,308,7,10,1493079584,1559120278,1494436243,10,,0
359,sound/mips/hal2.c,900,11,18,1310704708,1578014188,1322789541,21,,0
360,arch/x86/kernel/cpu/mtrr/cleanup.c,987,10,12,1311247043,1549583623,1317531675,13,,0
361,drivers/gpu/drm/nouveau/nvkm/subdev/bios/M0209.c,135,1,3,1409557365,1440053653,1413012277,3,,0
362,drivers/irqchip/irq-xtensa-mx.c,175,3,7,1385870697,1548319888,1415143694,9,,0
363,drivers/net/ethernet/huawei/hinic/hinic_hw_if.c,370,3,6,1503330947,1559085482,1506827622,6,,0
364,drivers/crypto/stm32/stm32-crc32.c,383,8,11,1490084008,1577711976,1498056355,3,,0
365,arch/mips/bcm47xx/board.c,362,7,19,1379482197,1560702406,1390301771,21,,0
366,arch/arm/mach-shmobile/setup-r8a7778.c,52,8,12,1363806096,1578275030,1380560338,61,,0
367,lib/zstd/fse_decompress.c,332,1,1,1502278553,1502278553,1502278553,1,,0
368,drivers/staging/media/sunxi/cedrus/cedrus_video.c,540,5,11,1536807115,1573049138,1540617026,13,,0
369,arch/s390/net/bpf_jit_comp.c,1670,14,49,1343723039,1574075019,1473833192,89,91b4db5313a2,16.85393258
370,tools/perf/bench/futex-wake.c,214,6,18,1387024316,1583375834,1406002501,20,f649bd9dd5d5,5
371,drivers/hwmon/sis5595.c,915,9,16,1311247043,1558315142,1330318243,17,,0
372,drivers/input/touchscreen/wm97xx-core.c,938,9,10,1308572746,1558918501,1346816003,12,a3f7c3fcf608,8.333333333
373,drivers/dma/idxd/irq.c,261,1,3,1579596239,1579596269,1579596249,3,,0
374,drivers/scsi/a4000t.c,125,4,4,1294542223,1558242500,1313539230,4,,0
375,net/sctp/chunk.c,353,12,35,1311247043,1575870318,1391411635,48,ac5105052dc8,10.41666667
376,drivers/misc/sgi-gru/grumain.c,963,7,7,1311247043,1558918505,1312668861,6,,0
377,net/bridge/br_multicast.c,2476,37,99,1311247043,1566022933,1405504668,141,5c725b6b6506,15.60283688
378,drivers/gpu/drm/nouveau/nvkm/subdev/i2c/busnv04.c,96,1,1,1440053655,1440053655,1440053655,1,,0
379,drivers/iio/common/hid-sensors/hid-sensor-attributes.c,514,12,26,1346824560,1567664879,1419619361,28,f6897deef4fc,17.85714286
380,drivers/target/iscsi/iscsi_target_auth.c,531,14,24,1311374584,1572241100,1415481589,29,ce512d79d046,3.448275862
381,security/integrity/iint.c,234,10,26,1299651202,1559354935,1359156343,33,,0
382,drivers/s390/net/qeth_ethtool.c,392,1,8,1550229748,1575527582,1550725607,8,5b55633f20ee,12.5
383,drivers/net/wireless/mediatek/mt76/mt76x0/usb.c,348,5,51,1533019253,1573722727,1540777139,77,80df01f4dc79,5.194805195
384,sound/pci/au88x0/au88x0_pcm.c,681,10,21,1311247043,1578210448,1322285356,24,5.10E+76,4.166666667
385,drivers/hwmon/ltq-cputemp.c,133,3,3,1504227497,1558252303,1506130641,3,,0
386,arch/hexagon/mm/cache.c,126,4,5,1320058251,1559085161,1330667208,5,,0
387,drivers/net/ethernet/calxeda/xgmac.c,1926,18,44,1321953499,1575941031,1329511855,52,,0
388,arch/mips/lantiq/falcon/reset.c,75,3,4,1334823371,1559614293,1350812769,5,,0
389,net/netfilter/ipset/ip_set_bitmap_ipmac.c,423,14,35,1306881908,1579442809,1360190942,44,1b4a75108d5b,2.272727273
390,drivers/iio/trigger/iio-trig-interrupt.c,115,5,10,1307596147,1559614293,1349392830,7,,0
391,drivers/acpi/acpica/evgpe.c,849,9,31,1311247043,1578627109,1368388026,46,44758bafa536,8.695652174
392,tools/lib/perf/tests/test-evsel.c,135,1,4,1563686703,1571288356,1564017448,1,,0
393,drivers/net/wireless/broadcom/brcm80211/brcmsmac/brcms_trace_events.c,23,1,1,1317791943,1317791943,1317791943,1,,0
394,mm/kasan/report.c,554,12,37,1423809557,1576685510,1517876136,52,e7701557bfdd,1.923076923
395,samples/bpf/xdp_rxq_info_user.c,612,5,11,1514949979,1579500409,1519471222,13,7cf245a37ef0,38.46153846
396,arch/arm/mach-imx/devices/platform-sdhci-esdhc-imx.c,64,6,9,1308667311,1559614293,1325579012,7,,0
397,tools/build/feature/test-libbpf.c,7,1,1,1574745173,1574745173,1574745173,1,,0
398,drivers/gpu/drm/amd/amdgpu/si_smc.c,273,5,6,1461673914,1560096477,1463281980,7,,0
399,fs/ocfs2/dlm/dlmdebug.c,896,11,12,1306396852,1580393500,1320630828,12,,0
400,net/ceph/msgpool.c,94,4,7,1311247043,1539596303,1359835296,7,,0
401,samples/bpf/test_current_task_under_cgroup_user.c,81,5,6,1470963424,1559009409,1476941696,7,a8911d6d5878,28.57142857
402,drivers/opp/ti-opp-supply.c,427,5,6,1513261528,1578275030,1513752616,7,622fecbccfe8,28.57142857
403,drivers/scsi/sr_ioctl.c,583,7,8,1306460863,1533194533,1318191601,11,f7068114d45e,9.090909091
404,sound/soc/codecs/rt5665.c,4981,11,30,1479092410,1563809199,1481206558,34,b98ae9ad559f,5.882352941
405,arch/powerpc/platforms/pseries/hotplug-cpu.c,1072,23,36,1306477511,1573399290,1424670930,40,80c784282859,10
406,drivers/scsi/qla4xxx/ql4_nx.c,4231,19,50,1311247043,1546564989,1336996503,56,,0
407,drivers/infiniband/hw/efa/efa_com_cmd.c,757,2,9,1557061168,1574324109,1558594797,11,529254340c7f,9.090909091
408,arch/arm/mach-shmobile/setup-r7s72100.c,26,5,9,1379538671,1528944966,1399545318,20,,0
409,drivers/crypto/qat/qat_c3xxx/adf_c3xxx_hw_data.c,239,2,3,1449219394,1467620760,1449336755,3,,0
410,arch/arm/mach-shmobile/setup-r8a73a4.c,23,5,7,1364265264,1528944966,1385082220,36,,0
411,drivers/net/wireless/realtek/rtlwifi/btcoexist/halbtc8723b1ant.c,3449,8,42,1409817823,1570178634,1457605795,44,e578618934cb,2.272727273
412,net/netfilter/ipvs/ip_vs_xmit.c,1678,25,55,1311247043,1576983069,1389656539,81,6fcc02e3c2bd,4.938271605
413,arch/x86/boot/a20.c,163,2,2,1311247043,1559614290,1312770768,1,,0
414,drivers/gpio/gpio-madera.c,213,3,7,1526871602,1573008852,1529729648,7,,0
415,drivers/media/rc/xbox_remote.c,308,3,3,1539057731,1553377431,1539251101,3,,0
416,arch/mips/pmcs-msp71xx/msp_smp.c,66,5,5,1311247043,1559008631,1323134914,4,,0
417,drivers/media/platform/vivid/vivid-kthread-touch.c,181,1,1,1574752610,1574752610,1574752610,1,,0
418,drivers/net/wireless/ath/ath6kl/testmode.c,102,6,6,1314843261,1556258848,1322958563,7,,0
419,fs/adfs/dir_fplus.c,287,5,17,1311247043,1579842937,1514343652,25,587065dcac64,4
420,drivers/leds/leds-88pm860x.c,228,13,16,1309672563,1559614293,1335271903,20,,0
421,drivers/media/platform/s3c-camif/camif-regs.c,603,7,8,1345637358,1567717893,1347360242,8,,0
422,sound/soc/intel/haswell/sst-haswell-pcm.c,1369,12,42,1394636675,1575962773,1413122300,22,01ec65c812ef,4.545454545
423,drivers/gpu/drm/nouveau/nvkm/engine/disp/gm200.c,47,1,14,1408409127,1525783186,1438171190,18,,0
424,drivers/clk/clk-aspeed.c,742,8,20,1513919718,1570682215,1520550584,21,565b9937f44d,28.57142857
425,net/dsa/master.c,391,5,15,1505793420,1577518246,1536003943,18,f685e609a301,11.11111111
426,drivers/gpu/drm/nouveau/nvkm/subdev/i2c/padnv04.c,36,1,2,1401334510,1440053655,1412089828,3,,0
427,drivers/pci/pcie/aer.c,1517,16,51,1311247043,1579767991,1502434090,38,d95f20c4f070,10.52631579
428,samples/seccomp/dropper.c,72,3,3,1334220484,1509520077,1346523643,3,,0
429,arch/arm/mach-shmobile/smp-r8a7779.c,74,9,20,1315458922,1530868519,1388996115,41,8fc0d470bc77,2.43902439
430,arch/m68k/kernel/ptrace.c,305,3,5,1311247043,1486551097,1328351628,5,,0
431,drivers/net/wireless/ath/ath6kl/core.c,365,8,23,1326802145,1461652897,1334390549,26,,0
432,arch/arm64/kernel/cacheinfo.c,102,6,7,1420684954,1560474701,1449487677,8,,0
433,drivers/spi/spi-cavium-thunderx.c,123,4,4,1471593800,1575618900,1473995287,4,,0
434,arch/nios2/kernel/cpuinfo.c,195,6,9,1415258406,1558252303,1428218730,10,,0
435,drivers/thunderbolt/eeprom.c,620,8,23,1401804251,1576568020,1451026607,27,2ffa9a5d76a7,3.703703704
436,drivers/crypto/atmel-i2c.c,376,3,4,1558693608,1566485084,1558945417,4,49d22167f826,25
437,drivers/scsi/3w-sas.c,1887,11,15,1311247043,1550450061,1316657280,18,1feb3b022949,5.555555556
438,drivers/input/touchscreen/sur40.c,1191,9,31,1383876073,1578628887,1440333403,35,6b32391ed675,5.714285714
439,drivers/gpio/gpio-em.c,391,11,28,1337239343,1573614663,1377587294,45,19ec11a2233d,2.222222222
440,tools/lib/hweight.c,63,2,2,1436430445,1509520077,1437590598,2,,0
441,net/decnet/dn_neigh.c,605,15,22,1303125322,1523360575,1326607720,31,,0
442,drivers/media/platform/exynos4-is/fimc-is-errno.c,269,4,4,1362986098,1559614293,1365370308,4,,0
443,fs/fscache/fsdef.c,97,3,6,1311247043,1558918501,1325998843,5,,0
444,arch/nds32/kernel/atl2c.c,65,2,2,1508913296,1533614593,1509673336,2,,0
445,arch/x86/platform/intel-mid/device_libs/platform_mrfld_wdt.c,82,5,11,1397546432,1559354935,1440202210,7,80354c290258,14.28571429
446,lib/fonts/font_10x18.c,5147,2,2,1311247043,1509520077,1311285565,2,,0
447,arch/mips/kernel/mips-cpc.c,121,7,18,1389753112,1578275030,1437814678,18,,0
448,drivers/power/reset/syscon-reboot.c,97,6,7,1412065503,1558918506,1438516028,7,,0
449,arch/s390/kernel/sys_s390.c,102,6,10,1311247043,1547619322,1350436588,11,,0
450,drivers/net/can/led.c,140,6,6,1355827855,1559614293,1367716160,6,,0
451,drivers/staging/rtl8723bs/core/rtw_xmit.c,2799,17,25,1490788071,1573530851,1493845661,33,,0
452,drivers/clk/actions/owl-reset.c,66,1,1,1533885671,1533885671,1533885671,1,,0
453,sound/isa/wavefront/wavefront_fx.c,272,6,6,1310704708,1558918505,1314002025,5,,0
454,net/caif/cfsrvl.c,221,8,9,1311247043,1559008641,1315295190,8,,0
455,arch/powerpc/kernel/pci_dn.c,536,12,25,1306464384,1567512953,1416334274,29,fb36e9073693,3.448275862
456,fs/hfsplus/options.c,239,8,8,1311247043,1509520077,1318203513,7,,0
457,drivers/video/fbdev/matrox/i2c-matroxfb.c,239,3,3,1311247043,1573008623,1314470970,3,,0
458,drivers/scsi/fnic/fnic_res.c,443,1,1,1311247043,1311247043,1311247043,0,,0
459,arch/parisc/math-emu/dfsqrt.c,182,2,2,1311247043,1558670650,1312606513,1,,0
460,drivers/media/usb/pvrusb2/pvrusb2-audio.c,70,3,4,1311247043,1559519091,1319103852,6,,0
461,drivers/iio/gyro/fxas21002c_i2c.c,69,1,1,1555062538,1555062538,1555062538,1,,0
462,arch/s390/crypto/sha256_s390.c,143,9,10,1306387834,1567348526,1329004593,11,,0
463,net/ipv4/fib_frontend.c,1620,40,114,1306881908,1572062019,1384482711,137,0b834ba00ab5,19.7080292
464,arch/powerpc/math-emu/fmr.c,19,2,3,1311247043,1509520077,1330698472,2,,0
465,drivers/base/power/trace.c,293,9,9,1306451535,1554190321,1333323294,9,,0
466,drivers/ata/pata_of_platform.c,90,11,13,1311247043,1559614293,1350330345,15,,0
467,net/smc/smc_wr.c,705,5,21,1483952119,1573707766,1494645764,24,,0
468,arch/mips/txx9/generic/smsc_fdc37m81x.c,169,3,3,1311247043,1481076315,1325038844,2,2cec11d87181,50
469,drivers/clk/nxp/clk-lpc18xx-creg.c,228,3,3,1457016424,1467714207,1457134329,3,,0
470,drivers/hwmon/sht21.c,297,8,12,1311247043,1558581279,1378432706,13,,0
471,drivers/s390/char/sclp_cpi_sys.c,428,5,5,1311247043,1509520077,1312714079,5,,0
472,sound/hda/hdac_component.c,351,4,7,1531297396,1578898598,1533178725,7,,0
473,sound/soc/sh/rcar/core.c,1859,19,158,1374413752,1575962759,1470528168,264,ef8e14794308,2.651515152
474,drivers/crypto/nx/nx.c,852,12,23,1336964378,1570887558,1371423712,26,e514cc0a492a,3.846153846
475,tools/testing/selftests/bpf/verifier/cgroup_storage.c,220,1,1,1548401083,1548401083,1548401083,1,,0
476,drivers/gpu/drm/arm/display/komeda/komeda_framebuffer.c,282,4,11,1548218275,1549638804,1549354698,11,dcc9d76b6d83,9.090909091
477,drivers/staging/rtl8192e/dot11d.c,168,7,15,1314097242,1552459999,1406665065,30,,0
478,drivers/net/wireless/ti/wlcore/boot.c,525,12,28,1306480715,1559120270,1323697609,27,,0
479,net/sunrpc/xdr.c,1693,15,50,1310437675,1577839410,1358871848,52,e8d70b321ecc,1.923076923
480,drivers/scsi/lpfc/lpfc_debugfs.c,6392,16,82,1305190206,1576655883,1397902218,96,201743b99c05,4.166666667
481,drivers/rtc/rtc-rx8010.c,484,8,12,1449124881,1576588351,1451967402,13,,0
482,drivers/s390/cio/blacklist.c,424,7,11,1306550181,1580722637,1325740445,12,,0
483,drivers/scsi/bfa/bfa_hw_ct.c,169,4,7,1307951435,1559085486,1313997976,7,,0
484,drivers/i2c/busses/i2c-cht-wc.c,437,5,12,1502597811,1578394055,1510637465,12,b3a653288e1a,8.333333333
485,drivers/net/ethernet/microchip/enc28j60.c,1650,11,23,1311247043,1575941031,1353119276,30,,0
486,tools/testing/selftests/timens/procfs.c,144,1,1,1573493240,1573493240,1573493240,1,,0
487,fs/f2fs/namei.c,1341,25,128,1351847470,1576048247,1451369804,182,2a60637f06ac,1.648351648
488,drivers/net/ethernet/intel/igc/igc_ptp.c,716,1,4,1575271189,1575271193,1575271190,4,,0
489,arch/arm/mach-omap2/sdrc2xxx.c,166,6,8,1311247043,1559614293,1315426799,12,,0
490,drivers/gpu/drm/nouveau/nvkm/engine/disp/sornv50.c,106,1,8,1352277780,1525783186,1455889135,17,,0
491,drivers/clk/ti/fixed-factor.c,69,2,4,1379055479,1535424269,1386320435,4,,0
492,security/tomoyo/condition.c,1122,4,11,1310102497,1548326255,1320027097,11,,0
493,sound/soc/soc-ac97.c,422,6,13,1415630506,1530483987,1438786683,16,47e039413cac,6.25
494,arch/parisc/kernel/time.c,282,9,19,1311247043,1557492931,1388788126,23,8642b31ba9ee,4.347826087
495,arch/arm/mach-pxa/colibri-pxa3xx.c,148,6,8,1311247043,1559614293,1321154886,8,,0
496,net/ipv4/netfilter/nft_dup_ipv4.c,109,3,5,1433066651,1559614293,1436346045,7,b73b8a1ba598,14.28571429
497,drivers/net/ppp/ppp_generic.c,3415,34,67,1311247043,1575467659,1350143917,79,0033b34a03ec,17.72151899
498,arch/sh/kernel/topology.c,79,6,6,1311247043,1545928344,1318242999,5,,0
499,arch/openrisc/kernel/asm-offsets.c,62,3,3,1307198716,1558918501,1311947781,3,,0
500,net/core/net-traces.c,62,9,13,1303125322,1560841563,1393292187,14,,0
501,net/smc/smc_tx.c,633,9,30,1483952123,1573707762,1507394934,38,b8649efad879,5.263157895
502,sound/pci/cs5535audio/cs5535audio_pm.c,100,4,5,1311247043,1558918505,1318856253,6,,0
503,arch/arm/mach-s3c24xx/mach-amlm5900.c,231,9,11,1309876697,1514206472,1322958539,12,,0
504,drivers/net/ethernet/mellanox/mlx5/core/fpga/sdk.c,170,2,2,1492492241,1509221017,1493082668,2,bae115a2bb47,50
505,drivers/iio/adc/max1118.c,303,2,2,1490722488,1559120264,1490948223,3,,0
506,drivers/gpu/drm/nouveau/dispnv50/head827d.c,125,2,5,1525783187,1567700039,1526118522,5,,0
507,drivers/gpu/drm/nouveau/nvkm/engine/nvdec/base.c,61,2,3,1485414992,1579041261,1513042416,4,,0
508,tools/io_uring/io_uring-cp.c,260,1,2,1551834230,1558486752,1552218029,2,,0
509,drivers/net/ethernet/qualcomm/emac/emac-sgmii.c,444,6,16,1472638928,1559085478,1488616862,17,,0
510,net/batman-adv/tp_meter.c,1494,4,16,1462424983,1577808001,1464389525,21,e13258f38e92,4.761904762
511,drivers/xen/manage.c,389,16,22,1310275327,1558242535,1359726484,24,,0
512,arch/arm/mm/flush.c,418,14,19,1309589187,1559614293,1334077690,23,,0
513,drivers/oprofile/buffer_sync.c,591,5,6,1311247043,1486551089,1315382022,5,,0
514,drivers/i2c/busses/i2c-isch.c,312,9,9,1311247043,1558918521,1317036684,12,0ec4b562c378,8.333333333
515,arch/mips/cobalt/pci.c,48,1,1,1311247043,1311247043,1311247043,0,,0
516,drivers/media/platform/exynos-gsc/gsc-m2m.c,796,17,34,1343702645,1559588785,1358793535,43,,0
517,arch/x86/mm/numa_32.c,93,5,5,1310374312,1494224596,1315791378,10,fc5d1073cae2,20
518,drivers/gpu/drm/radeon/ci_smc.c,274,5,8,1376413421,1559959361,1381550716,11,,0
519,drivers/usb/gadget/udc/fsl_qe_udc.c,2715,22,32,1307354793,1509679710,1310358755,19,f4693b08cc90,10.52631579
520,arch/powerpc/kvm/book3s_xics.c,1466,18,42,1366201826,1562849553,1385962658,45,433c5c20c505,2.222222222
521,lib/nlattr.c,904,14,31,1311247043,1556784910,1423079674,37,6e237d099fac,5.405405405
522,drivers/clk/imx/clk-composite-8m.c,181,4,6,1543632734,1576090728,1544453312,6,073a01e8d7c2,16.66666667
523,tools/perf/arch/common.c,225,10,18,1350326018,1567066739,1389303376,23,,0
524,block/partitions/mac.c,143,5,5,1311247043,1509520077,1323529424,5,,0
525,drivers/gpu/drm/nouveau/nouveau_sgdma.c,107,6,12,1308546031,1560946423,1373982745,27,b7019ac550eb,3.703703704
526,drivers/power/reset/at91-reset.c,272,12,17,1404294418,1549451541,1422603047,20,932df4300538,5
527,drivers/staging/rtl8192e/rtl8192e/rtl_core.c,2651,42,209,1310345780,1579351983,1344950462,238,,0
528,drivers/net/ethernet/mellanox/mlx4/mcg.c,1649,23,49,1306484063,1557831799,1343479018,58,00f9fec48157,6.896551724
529,drivers/net/wireless/intersil/prism54/islpci_hotplug.c,327,4,4,1306881908,1559120276,1307962297,2,,0
530,fs/autofs/dev-ioctl.c,736,3,5,1528362673,1558489889,1528631039,6,,0
531,drivers/pinctrl/nomadik/pinctrl-abx500.c,1101,21,60,1355973079,1564924914,1370603004,33,,0
532,drivers/gpu/drm/msm/msm_ringbuffer.c,71,3,10,1374209972,1559519090,1447342573,15,,0
533,arch/arm/mach-imx/pm-imx5.c,418,10,17,1311247043,1558918508,1389738052,22,e20d7b5208c8,4.545454545
534,arch/sh/mm/cache-sh2.c,90,3,3,1311247043,1559009414,1315835186,2,,0
535,drivers/usb/usbip/stub_main.c,431,12,23,1305812217,1566966461,1357391751,14,,0
536,arch/powerpc/xmon/ppc-opc.c,7280,5,6,1311247043,1558489882,1446201053,6,,0
537,drivers/gpu/drm/amd/display/amdgpu_dm/amdgpu_dm_helpers.c,627,18,28,1488632206,1579846246,1515158135,38,,0
538,drivers/video/fbdev/i810/i810-i2c.c,175,1,1,1311247043,1311247043,1311247043,1,,0
539,arch/arm/mach-imx/devices/platform-imx-i2c.c,74,3,5,1308572746,1559614293,1317766416,8,,0
540,drivers/video/fbdev/via/via_aux_vt1631.c,31,3,3,1311960329,1558350495,1326646634,3,,0
541,tools/testing/selftests/bpf/verifier/ld_dw.c,45,2,2,1548401084,1554125269,1549545921,2,,0
542,arch/powerpc/platforms/85xx/mpc85xx_cds.c,398,13,16,1311247043,1558918501,1327589822,23,,0
543,drivers/platform/x86/panasonic-laptop.c,642,12,14,1311247043,1559236190,1316000735,15,,0
544,drivers/gpu/drm/i915/i915_buddy.c,431,2,5,1565357364,1576910957,1565447073,5,,0
545,arch/mips/math-emu/sp_mul.c,155,5,9,1311247043,1559236195,1357472351,10,,0
546,drivers/gpu/drm/i915/gem/i915_gem_userptr.c,842,17,73,1400221357,1579238653,1455924888,21,ecc4d2a52df6,33.33333333
547,net/bridge/br_switchdev.c,173,6,17,1472121757,1572327958,1504397990,19,ef9a5a62c634,5.263157895
548,drivers/gpu/drm/amd/powerplay/hwmgr/vega12_processpptables.c,402,4,7,1521440637,1539072233,1522493052,9,,0
549,net/smc/smc_llc.c,770,4,26,1483952121,1573707767,1517652821,27,,0
550,fs/jffs2/xattr_trusted.c,46,3,5,1311247043,1464315570,1346038668,7,,0
551,drivers/phy/mediatek/phy-mtk-ufs.c,245,2,2,1552712686,1553088124,1552714218,2,,0
552,drivers/input/rmi4/rmi_bus.c,474,7,16,1457595349,1559614293,1466039619,18,6adba43fd222,5.555555556
553,sound/soc/intel/boards/cht_bsw_nau8824.c,295,6,8,1517900563,1559798467,1523038688,8,096701e81314,12.5
554,drivers/pwm/pwm-pca9685.c,578,8,10,1369878612,1559519090,1423151591,16,9871abffc810,18.75
555,arch/sh/kernel/vsyscall/vsyscall.c,93,4,4,1311247043,1545928344,1318926131,4,,0
556,arch/x86/um/ldt.c,378,5,7,1311247043,1508293267,1330488601,7,,0
557,lib/bug.c,230,10,13,1311247043,1569401291,1372116946,16,a44f71a9ab99,18.75
558,arch/xtensa/kernel/syscall.c,97,8,11,1311247043,1542095370,1352528173,13,,0
559,drivers/usb/mtu3/mtu3_plat.c,532,6,25,1476844103,1567070558,1487183416,26,,0
560,arch/mips/fw/arc/cmdline.c,110,3,3,1311247043,1571739194,1337439974,2,,0
561,drivers/hid/hid-sjoy.c,173,6,9,1309671588,1558918505,1316702405,8,,0
562,drivers/irqchip/irq-crossbar.c,366,10,27,1386057443,1559614293,1409788247,31,8200fe434787,12.90322581
563,drivers/rtc/rtc-digicolor.c,224,4,7,1429159540,1570357760,1436810767,7,,0
564,arch/nds32/mm/init.c,276,3,8,1508828747,1575449648,1513718608,12,,0
565,drivers/acpi/acpica/utcache.c,279,4,13,1351621505,1578627109,1360100019,20,,0
566,drivers/net/ethernet/chelsio/cxgb4/cxgb4_tc_mqprio.c,680,3,11,1573133346,1579256507,1573425724,11,b2383ad987a6,45.45454545
567,drivers/staging/iio/meter/ade7854-i2c.c,151,11,17,1307596147,1554179515,1409537896,23,6cef2ab01636,8.695652174
568,drivers/net/wireless/broadcom/b43legacy/rfkill.c,78,4,4,1306157047,1558252310,1315664659,2,,0
569,drivers/dma/bestcomm/gen_bd.c,350,3,3,1311247043,1559614293,1312289137,2,,0
570,net/ipv6/ip6_flowlabel.c,881,22,46,1310701654,1562712011,1343235859,58,d44e3fa5d7e6,8.620689655
571,drivers/mtd/nand/onenand/onenand_base.c,4025,19,31,1308723409,1577938208,1320191866,10,0e7ca83e82d0,10
572,drivers/clocksource/timer-stm32.c,336,7,14,1432307013,1559008641,1498178474,19,,0
573,fs/jbd2/journal.c,2715,42,93,1308622955,1580722637,1345595259,113,0e98c084a211,3.539823009
574,sound/soc/amd/acp-pcm-dma.c,1396,14,47,1452248529,1575962752,1491119320,59,fdaa451107ce,6.779661017
575,drivers/hwmon/amc6821.c,953,6,12,1311247043,1558315142,1350158771,15,4538bfbf2d9f,6.666666667
576,drivers/media/usb/dvb-usb/dw2102.c,2469,28,52,1311247043,1576486302,1355311731,51,324ed533bf0b,1.960784314
577,drivers/input/misc/twl4030-vibra.c,250,10,14,1306814569,1559120270,1318806882,20,5b189201993a,10
578,drivers/net/wireless/ath/ath5k/mac80211-ops.c,819,15,28,1306480715,1484123533,1311043677,32,,0
579,drivers/hsi/clients/nokia-modem.c,300,8,14,1396009184,1559120270,1402691524,14,,0
580,drivers/gpu/drm/amd/amdgpu/amdgpu_sched.c,145,6,8,1498465033,1560096471,1519211915,55,,0
581,drivers/clocksource/sh_cmt.c,1125,19,56,1309671382,1578275030,1380768907,73,37e7742c55ba,1.369863014
582,drivers/net/wireless/ath/ath9k/hif_usb.c,1448,23,30,1306480715,1575953060,1320645595,29,0ef332951e85,6.896551724
583,drivers/hwmon/npcm750-pwm-fan.c,1035,6,7,1530642206,1564456517,1531330262,7,0b2a785db879,14.28571429
584,arch/arm/mach-imx/cpuidle-imx6sx.c,115,5,9,1418790252,1559614293,1429567352,11,b25af2ff7c07,18.18181818
585,drivers/media/pci/tw686x/tw686x-video.c,1309,7,21,1456889416,1560720976,1462073889,23,5a1a2f63d840,4.347826087
586,drivers/target/tcm_fc/tfc_sess.c,503,15,22,1311247043,1559120269,1336230900,34,,0
587,net/802/fddi.c,178,6,6,1311247043,1558918501,1316734483,7,,0
588,drivers/clk/qcom/clk-regmap-mux-div.c,231,1,1,1512467219,1512467219,1512467219,1,,0
589,sound/soc/tegra/tegra_sgtl5000.c,216,5,7,1466276400,1561690138,1478130471,9,,0
590,arch/sh/kernel/perf_callchain.c,38,3,3,1311247043,1545928344,1325347646,2,,0
591,net/mac80211/chan.c,1797,20,66,1311247043,1558242535,1390935518,79,b7f2405c6bd8,2.53164557
592,drivers/scsi/bnx2fc/bnx2fc_fcoe.c,3001,38,90,1306468047,1564443633,1331245375,124,8beb90aaf334,2.419354839
593,drivers/clocksource/timer-digicolor.c,207,7,8,1422275718,1495788971,1427392161,9,,0
594,drivers/net/ethernet/ti/cpsw.c,1804,43,180,1332073074,1574180357,1453550356,317,2d683eaaeeb9,6.940063091
595,arch/sh/boards/mach-microdev/fdc37c93xapm.c,157,2,2,1311247043,1545928306,1312741828,1,,0
596,drivers/thermal/thermal_hwmon.c,278,10,11,1372835668,1575938512,1404073120,16,8c7aa184281c,12.5
597,drivers/input/misc/adxl34x-spi.c,133,5,8,1308572746,1558670649,1314524778,10,,0
598,drivers/s390/block/scm_drv.c,93,2,7,1346143838,1509520077,1350833577,7,,0
599,arch/mips/alchemy/devboards/db1550.c,628,5,16,1320897976,1545178083,1338176702,20,e34b6fcf9b09,5
600,scripts/sorttable.c,377,14,22,1334818795,1575420392,1440058380,2,,0
601,drivers/regulator/slg51000-regulator.c,520,3,6,1555571384,1578585488,1556009078,7,7352e72a513f,14.28571429
602,arch/sh/kernel/cpu/sh4a/clock-sh7763.c,116,3,3,1307682648,1545928331,1311114912,3,,0
603,lib/mpi/generic_mpih-mul2.c,47,2,2,1314770716,1558350471,1319953264,2,,0
604,drivers/dma/stm32-dmamux.c,349,5,7,1506043890,1563890876,1511908097,8,4219ff33b26d,12.5
605,drivers/fpga/altera-freeze-bridge.c,279,3,6,1477980871,1539595202,1481449681,6,,0
606,drivers/net/wireless/broadcom/b43/sysfs.c,141,4,4,1303125322,1558252310,1305621658,3,,0
607,samples/bpf/test_probe_write_user_kern.c,53,3,3,1469397302,1579500409,1475499830,4,7cf245a37ef0,25
608,drivers/net/ethernet/intel/igc/igc_mac.c,890,1,8,1539224230,1569383933,1543749783,8,,0
609,tools/perf/arch/nds32/util/header.c,29,1,1,1540434255,1540434255,1540434255,1,,0
610,drivers/irqchip/qcom-irq-combiner.c,280,7,8,1486031039,1564456523,1487500990,8,1bc2463cee92,37.5
611,kernel/livepatch/state.c,119,1,2,1572424990,1572424991,1572424990,2,,0
612,drivers/thermal/thermal_mmio.c,121,1,1,1554960168,1554960168,1554960168,3,,0
613,fs/notify/fsnotify.c,403,10,32,1311247043,1575600959,1428408209,46,4d8e7055a405,8.695652174
614,arch/powerpc/platforms/52xx/lite5200_pm.c,250,3,3,1311247043,1509520077,1312126869,2,,0
615,arch/sparc/kernel/pci_msi.c,447,5,5,1311247043,1524292542,1315250796,4,,0
616,drivers/gpu/drm/i915/gem/i915_gem_pages.c,570,5,13,1559010586,1577968935,1561309675,13,ecab9be174d9,15.38461538
617,drivers/target/iscsi/cxgbit/cxgbit_cm.c,2006,6,26,1461081620,1571808110,1464461697,28,fc5b220b2dcf,3.571428571
618,drivers/gpu/drm/mediatek/mtk_hdmi_ddc.c,350,2,2,1451903798,1558918521,1452209554,2,,0
619,sound/soc/codecs/cs47l35.c,1789,2,5,1560926517,1578989921,1561076938,6,,0
620,drivers/dma/fsl-edma-common.c,714,7,13,1534678033,1576093090,1538524910,17,d071fd294f24,11.76470588
621,net/ipv4/tcp_timer.c,781,21,75,1311247043,1579854842,1392621728,104,d983ea6f16b8,13.46153846
622,drivers/gpu/drm/radeon/kv_dpm.c,2900,10,35,1374136793,1575342242,1379020194,41,,0
623,net/lapb/lapb_in.c,556,5,6,1303125322,1558350486,1313417358,6,,0
624,fs/xfs/libxfs/xfs_rmap_btree.c,591,6,21,1470195367,1561721249,1476313028,25,,0
625,drivers/s390/block/dasd_proc.c,368,9,13,1311247043,1580722637,1324897717,13,,0
626,drivers/gpu/drm/amd/amdgpu/amdgpu_csa.c,109,3,5,1537345508,1568868975,1540261366,8,,0
627,arch/powerpc/platforms/embedded6xx/ls_uart.c,142,1,1,1311247043,1311247043,1311247043,0,,0
628,drivers/net/wireless/realtek/rtlwifi/rtl8723ae/sw.c,389,8,20,1351143992,1577079433,1383677575,15,cf4747d7535a,6.666666667
629,drivers/clk/bcm/clk-hr2.c,27,1,1,1506586497,1506586497,1506586497,1,,0
630,drivers/net/ethernet/mellanox/mlx4/en_rx.c,1281,40,107,1303125322,1565590295,1398487560,159,48ec7014c56e,13.20754717
631,arch/x86/kernel/cpu/mshyperv.c,368,17,48,1311247043,1571114102,1459382157,58,a33fd4c27b3a,1.724137931
632,drivers/net/ethernet/qualcomm/rmnet/rmnet_map_command.c,97,2,10,1504017858,1559085478,1507812533,13,3602207ca658,15.38461538
633,arch/arm/mach-omap2/omap-iommu.c,141,2,3,1565148405,1576134340,1573952736,19,,0
634,drivers/iio/trigger/iio-trig-hrtimer.c,187,3,4,1447031641,1559614293,1448341340,5,,0
635,drivers/net/phy/mdio_device.c,216,6,12,1452082286,1570175612,1468272154,12,,0
636,net/ipv6/esp6.c,943,22,43,1311247043,1561385088,1406478293,54,09db51241118,27.77777778
637,drivers/clk/qcom/gcc-ipq6018.c,4635,1,1,1578548121,1578548121,1578548121,1,,0
638,drivers/media/platform/vsp1/vsp1_histo.c,590,3,6,1473209929,1561490196,1474000586,6,,0
639,drivers/gpu/drm/virtio/virtgpu_prime.c,38,3,4,1421989451,1561853956,1455643879,12,a0cecc23cfcb,8.333333333
640,drivers/staging/iio/cdc/ad7150.c,657,24,44,1307596147,1560491459,1347624991,44,df4d737ee4d7,2.272727273
641,drivers/net/ethernet/xilinx/ll_temac_main.c,1550,24,53,1306881908,1582242478,1422766895,81,1d63b8d66d14,11.11111111
642,drivers/tty/serial/sc16is7xx.c,1550,22,46,1398344166,1555552915,1416483167,55,e00164a0f000,5.454545455
643,drivers/net/phy/bcm87xx.c,217,7,10,1340753618,1558707859,1355511858,14,9e857a40dc4e,7.142857143
644,drivers/gpu/drm/drm_irq.c,262,9,24,1309755147,1558870535,1383201238,181,f5f4c615982d,1.657458564
645,arch/x86/kvm/pmu.c,520,14,31,1320908242,1572173563,1462337288,38,,0
646,fs/nfs/inode.c,2297,40,169,1308739212,1580864514,1376191427,222,eb3d8f42231a,3.153153153
647,drivers/s390/net/lcs.c,2470,20,27,1311247043,1566290803,1315013812,31,,0
648,drivers/net/can/usb/ucan.c,1606,3,3,1523441202,1574940363,1523479179,5,870db5d1015c,20
649,arch/x86/kernel/apic/x2apic_uv_x.c,1701,23,70,1311247043,1576134237,1431830149,104,d0b778880448,2.884615385
650,arch/powerpc/boot/cuboot-kilauea.c,46,2,2,1311247043,1559614293,1316646331,1,,0
651,drivers/input/touchscreen/wm831x-ts.c,401,6,10,1308572746,1558918501,1310340941,12,,0
652,arch/mips/pci/ops-tx3927.c,231,3,3,1311247043,1398142273,1311669519,2,,0
653,drivers/net/ethernet/mellanox/mlxsw/spectrum_switchdev.c,3549,10,112,1444975297,1570074572,1507063850,180,577fa14d2100,22.77777778
654,drivers/dma/milbeaut-hdmac.c,578,2,2,1571063639,1573048887,1571067074,2,,0
655,drivers/gpu/drm/xen/xen_drm_front_cfg.c,77,2,2,1522736597,1561853931,1523752632,2,,0
656,fs/nfs/pnfs.c,3125,23,254,1306917884,1580031073,1410166503,349,3.87122E+11,7.163323782
657,tools/virtio/ringtest/ring.c,270,4,5,1453358650,1559614275,1457589341,5,,0
658,drivers/gpu/drm/arc/arcpgu_drv.c,233,14,24,1455867026,1560764364,1474095748,34,0c43ff59e71b,5.882352941
659,arch/arm/mach-omap1/gpio7xx.c,281,6,13,1303288283,1432191023,1315560295,14,,0
660,fs/orangefs/orangefs-debugfs.c,1027,11,22,1437100693,1579828247,1461545246,22,0979cf95d201,4.545454545
661,arch/s390/kernel/lgr.c,188,5,7,1331438372,1511506832,1338668003,8,,0
662,net/mac802154/cfg.c,486,3,29,1414873116,1558918521,1432507367,33,,0
663,fs/nls/nls_cp949.c,13946,1,1,1311247043,1311247043,1311247043,1,,0
664,sound/pci/au88x0/au88x0_core.c,2861,8,18,1311247043,1578210448,1314950619,18,,0
665,drivers/misc/altera-stapl/altera-comp.c,128,2,2,1311247043,1558315142,1313177263,2,,0
666,arch/x86/tools/relocs_64.c,18,2,2,1366099378,1509520077,1374067195,2,,0
667,drivers/scsi/aacraid/commsup.c,2611,14,66,1311247043,1571111523,1383907295,77,5e420fe63581,16.88311688
668,drivers/net/wireless/intersil/prism54/isl_38xx.c,245,4,5,1311247043,1559120276,1324856147,5,,0
669,drivers/pci/search.c,396,15,21,1311247043,1579559867,1350733531,25,,0
670,sound/pci/ice1712/wtm.c,632,5,11,1311247043,1578210451,1340916909,11,,0
671,arch/arm/mach-ebsa110/leds.c,71,4,4,1307675585,1559008641,1313392911,4,,0
672,drivers/misc/ocxl/pasid.c,107,1,1,1516681901,1516681901,1516681901,1,,0
673,drivers/gpu/drm/zte/zx_vga.c,531,5,7,1491910226,1577946180,1493341566,8,,0
674,drivers/s390/net/ctcm_mpc.c,2156,7,7,1311247043,1566290802,1313667668,9,,0
675,drivers/dma/owl-dma.c,1236,3,5,1532572617,1576468401,1533932047,5,,0
676,drivers/media/i2c/cx25840/cx25840-vbi.c,262,5,6,1311247043,1558918506,1328807661,7,,0
677,arch/powerpc/kexec/elf_64.c,125,5,7,1480434351,1566568153,1488748183,1,,0
678,drivers/gpu/drm/i915/selftests/i915_syncmap.c,616,1,2,1493779161,1510670026,1493861422,2,,0
679,fs/btrfs/volumes.c,7639,66,540,1281072080,1578636695,1424291232,777,05840710149c,4.633204633
680,drivers/media/pci/cx18/cx18-driver.c,1344,17,27,1311247043,1578275030,1317658484,23,e351bf25fa37,4.347826087
681,arch/powerpc/boot/treeboot-walnut.c,81,2,2,1311247043,1559614293,1314313305,1,,0
682,net/mac80211/scan.c,1394,34,81,1306480715,1569995947,1381855458,117,cd5861bde029,1.709401709
683,drivers/clk/sunxi/clk-a10-codec.c,35,2,2,1405669777,1558918506,1410048312,2,,0
684,arch/mips/vr41xx/common/bcu.c,210,4,4,1311247043,1558918505,1314540197,3,,0
685,net/sunrpc/xprtrdma/svc_rdma_rw.c,856,7,21,1491714376,1556437170,1497980253,23,5d85a822fae2,8.695652174
686,sound/soc/codecs/gtm601.c,109,6,7,1434811621,1559614293,1446278531,10,599b10193c77,10
687,drivers/acpi/acpica/nsdumpdv.c,106,5,7,1311247043,1578627109,1326149025,15,,0
688,arch/sh/drivers/pci/fixups-sdk7780.c,40,4,4,1310008750,1545928309,1335044885,4,,0
689,drivers/char/hw_random/ks-sa-rng.c,285,5,5,1520919211,1573003849,1528349799,5,,0
690,drivers/scsi/qedf/drv_scsi_fw_funcs.c,41,3,3,1489228758,1559354934,1491802055,4,,0
691,fs/configfs/inode.c,251,10,18,1311247043,1574602305,1330671926,25,eb31e2f63d85,4
692,drivers/clk/mediatek/clk-mt7622-aud.c,200,3,4,1507175424,1558918521,1508432024,4,,0
693,drivers/media/usb/as102/as10x_cmd_stream.c,198,5,7,1320035079,1558581295,1321315268,3,,0
694,drivers/net/ethernet/intel/fm10k/fm10k_dcbnl.c,153,3,4,1411213988,1562573538,1415123784,7,,0
695,drivers/regulator/rn5t618-regulator.c,154,8,10,1409381424,1576077360,1447220614,10,62a1923cc8fe,20
696,sound/pci/ymfpci/ymfpci.c,356,12,18,1307354793,1558918505,1332977975,18,,0
697,drivers/s390/char/vmcp.c,276,6,13,1311247043,1566182694,1377180620,17,,0
698,drivers/parport/procfs.c,622,5,7,1311247043,1509520077,1319201242,6,,0
699,drivers/gpu/drm/omapdrm/dss/pll.c,566,7,15,1413958919,1559519090,1443403201,14,,0
700,drivers/s390/cio/qdio_main.c,1879,16,58,1311247043,1574662709,1353960091,70,04310324c6f4,5.714285714
701,drivers/power/supply/ingenic-battery.c,191,2,2,1555590244,1573887379,1556644006,2,86b9182df8bb,50
702,arch/x86/kernel/cpuid.c,191,7,10,1311247043,1558670642,1355731264,14,,0
703,drivers/media/pci/meye/meye.c,1820,17,28,1311247043,1576480500,1317692848,33,,0
704,drivers/mailbox/mailbox.c,616,12,22,1402583479,1562557314,1433796775,22,cb710ab1d8a2,13.63636364
705,drivers/hwmon/tmp401.c,749,12,25,1311247043,1558315142,1365480074,25,,0
706,drivers/staging/rtl8188eu/os_dep/mlme_linux.c,175,8,17,1377095638,1557931724,1425362876,30,,0
707,arch/xtensa/mm/kasan_init.c,110,3,9,1512278932,1573632402,1523694107,10,e64681b487c8,10
708,drivers/mtd/lpddr/qinfo_probe.c,235,5,5,1311247043,1558252291,1314743239,4,,0
709,tools/testing/selftests/rseq/rseq.c,156,1,2,1527900244,1556508475,1536519391,2,,0
710,arch/arm/mach-alpine/alpine_machine.c,19,2,2,1426139580,1558918506,1433127945,2,,0
711,arch/um/kernel/exitcode.c,79,4,5,1311247043,1580722637,1343253539,4,,0
712,drivers/gpu/drm/amd/amdkfd/kfd_device_queue_manager_cik.c,207,7,10,1421044126,1543816574,1453214665,14,,0
713,tools/testing/selftests/arm64/signal/testcases/fake_sigreturn_bad_size.c,77,1,1,1572001036,1572001036,1572001036,1,,0
714,drivers/media/usb/gspca/jl2005bcd.c,522,10,13,1323770955,1558252314,1334528964,11,,0
715,crypto/rsa.c,285,7,9,1434421861,1558350481,1446259499,12,,0
716,drivers/staging/rtl8723bs/core/rtw_cmd.c,2153,15,29,1490788071,1571312906,1493097535,34,f55a6d457b21,2.941176471
717,tools/testing/selftests/powerpc/ptrace/ptrace-tm-spd-vsx.c,180,4,4,1475202781,1571031043,1477097929,5,,0
718,fs/xfs/scrub/scrub.c,567,4,42,1508247454,1573031973,1520190446,48,,0
719,drivers/scsi/qla2xxx/qla_nx2.c,4087,13,30,1377538648,1565265710,1380966131,35,,0
720,net/batman-adv/distributed-arp-table.c,1891,15,74,1306988991,1577808001,1416774140,91,4cc4a1708903,8.791208791
721,drivers/mfd/ac100.c,134,2,2,1467988417,1559614293,1468672192,2,,0
722,sound/soc/sti/sti_uniperif.c,511,8,13,1437017764,1579485858,1456099976,14,a4642e99694a,7.142857143
723,drivers/net/wireless/intersil/hostap/hostap_main.c,1123,18,20,1311247043,1575941031,1314139430,10,9ff067ff4c4a,10
724,drivers/net/ethernet/smsc/smc91c92_cs.c,2056,15,16,1311247043,1575941031,1317935799,18,,0
725,drivers/iio/chemical/vz89x.c,415,3,10,1442147174,1518874606,1455788098,11,,0
726,drivers/net/wireless/ralink/rt2x00/rt2x00link.c,428,5,9,1311247043,1560571260,1336516882,6,,0
727,drivers/net/wireless/realtek/rtlwifi/rtl8192se/led.c,126,3,6,1306480715,1550123956,1331636064,6,,0
728,arch/arm/mach-tegra/irq.c,94,8,12,1311247043,1559085476,1371194447,16,,0
729,drivers/net/sungem_phy.c,1200,6,7,1311247043,1558242500,1325993420,6,,0
730,drivers/regulator/tps65218-regulator.c,370,8,19,1391656813,1555122547,1439130592,29,efeb88c68bd0,6.896551724
731,drivers/spi/spi-sh-hspi.c,309,10,22,1330593017,1569477097,1353135709,31,,0
732,net/sched/sch_dsmark.c,522,15,32,1311247043,1570156485,1346916394,37,474f0813a300,8.108108108
733,drivers/i2c/algos/i2c-algo-pca.c,549,6,7,1311247043,1558918506,1313512425,9,,0
734,drivers/gpu/drm/drm_scatter.c,226,7,11,1311247043,1563154973,1332159936,11,,0
735,tools/build/feature/test-libaudit.c,11,2,4,1380524131,1509520077,1392337536,2,,0
736,drivers/media/rc/keymaps/rc-msi-tvanywhere-plus.c,119,5,6,1309672992,1561347734,1349468542,5,,0
737,drivers/media/usb/pvrusb2/pvrusb2-sysfs.c,836,3,3,1311247043,1559696900,1312138397,6,,0
738,fs/squashfs/xz_wrapper.c,180,4,5,1311247043,1558350480,1338235287,4,,0
739,drivers/media/radio/radio-miropcm20.c,515,6,15,1311247043,1559603992,1373456501,18,,0
740,arch/s390/boot/string.c,139,1,3,1510915468,1544687628,1522271142,3,,0
741,drivers/pinctrl/pinmux.c,851,24,54,1304340654,1575445266,1376520997,76,6ba2fd391ac5,5.263157895
742,drivers/gpu/drm/amd/amdgpu/gmc_v10_0.c,1082,18,30,1535696248,1579512010,1556918277,32,fa34edbed461,6.25
743,fs/cifs/cifs_dfs_ref.c,412,12,18,1311247043,1558918501,1367560141,23,5739375ee423,13.04347826
744,fs/xfs/libxfs/xfs_ag_resv.c,398,4,16,1474252252,1573031973,1484650767,17,,0
745,kernel/sys.c,2680,54,99,1306133501,1583222798,1372568083,136,bc81426f5bee,3.676470588
746,kernel/locking/qspinlock.c,583,7,37,1429858590,1578372554,1477206604,47,7aa54be29765,4.255319149
747,drivers/iio/adc/ltc2497-core.c,243,1,1,1575898367,1575898367,1575898367,1,,0
748,tools/testing/selftests/bpf/progs/test_lirc_mode2_kern.c,26,2,3,1527395050,1579500405,1531323419,2,3e689141e64d,50
749,drivers/usb/phy/phy-isp1301.c,168,6,9,1335689224,1560509639,1361222457,10,a7f12a21f6b3,10
750,drivers/pci/pcie/pme.c,463,11,19,1311247043,1557224688,1345762701,29,95c80bc6952b,17.24137931
751,drivers/iio/magnetometer/rm3100-spi.c,64,1,1,1541669269,1541669269,1541669269,1,,0
752,tools/iio/iio_event_monitor.c,369,17,32,1329099934,1559614293,1378689248,24,,0
753,fs/ocfs2/blockcheck.c,607,4,5,1311247043,1569223995,1320893680,4,,0
754,drivers/acpi/acpica/dspkginit.c,531,2,8,1501741642,1578627109,1507707601,10,,0
755,drivers/sh/intc/access.c,246,2,2,1311247043,1350281328,1315531294,1,,0
756,drivers/usb/early/ehci-dbgp.c,1096,6,9,1311247043,1542616440,1316370666,11,,0
757,drivers/gpu/drm/nouveau/nvkm/subdev/mmu/vmmgp100.c,543,2,9,1509479779,1576486685,1518069348,9,,0
758,drivers/bluetooth/hci_mrvl.c,446,5,6,1474273767,1564457625,1488845146,6,b36a1552d731,83.33333333
759,arch/ia64/kernel/cyclone.c,125,6,6,1307200791,1578275030,1321378388,5,,0
760,drivers/mtd/nand/spi/toshiba.c,198,4,4,1541313817,1578042867,1545279482,4,,0
761,drivers/input/mouse/pxa930_trkball.c,251,9,11,1308572746,1578275030,1312751603,12,,0
762,drivers/media/rc/st_rc.c,407,9,17,1382047274,1558918501,1392906794,23,,0
763,kernel/rcu/rcutorture.c,2552,24,179,1306157047,1573000508,1422860515,189,,0
764,drivers/net/wireless/ath/ath9k/calib.c,483,12,18,1306484063,1517292367,1338744800,22,b9607de6cf22,4.545454545
765,arch/csky/abiv2/strksyms.c,12,1,1,1536128718,1536128718,1536128718,1,,0
766,tools/testing/selftests/prctl/disable-tsc-on-off-stress-test.c,97,4,4,1311247043,1509520077,1318915712,2,,0
767,net/tipc/netlink_compat.c,1365,18,53,1423446603,1578106116,1444043508,59,fd567ac20cb0,20.33898305
768,sound/soc/zte/zx-spdif.c,364,8,8,1433389282,1559008641,1434462673,5,,0
769,tools/testing/selftests/bpf/progs/btf__core_reloc_nesting___struct_union_mixup.c,3,1,1,1565159995,1565159995,1565159995,1,,0
770,drivers/net/xen-netback/interface.c,818,29,69,1311247043,1577066363,1401889553,95,fd42bfd1bb31,3.157894737
771,arch/m68k/lib/ashldi3.c,61,4,4,1311247043,1487919635,1333802048,3,,0
772,drivers/firewire/init_ohci1394_dma.c,296,3,3,1311247043,1558918505,1312332524,2,,0
773,arch/m68k/math-emu/fp_log.c,219,2,2,1311247043,1348062480,1311415150,2,,0
774,lib/fonts/font_7x14.c,4119,3,3,1311247043,1535014892,1318248878,3,,0
775,sound/pci/ens1371.c,2,1,1,1311247043,1311247043,1311247043,0,,0
776,drivers/firmware/arm_scmi/driver.c,1075,4,25,1490672167,1576561425,1517391844,29,fa7fe29a645b,6.896551724
777,fs/nfsd/blocklayout.c,433,11,19,1421811600,1566109133,1451245004,24,eee930163c6a,4.166666667
778,net/ipv4/netfilter/iptable_mangle.c,147,7,11,1311247043,1559614293,1349497193,16,,0
779,arch/arm/mach-s3c64xx/setup-keypad.c,20,3,3,1311247043,1514206473,1376056553,3,,0
780,drivers/input/misc/atmel_captouch.c,281,2,2,1463554512,1559085476,1463894480,3,,0
781,arch/alpha/kernel/sys_miata.c,293,4,4,1307691021,1509520077,1312719264,4,814eae5982cc,25
782,tools/testing/selftests/bpf/prog_tests/sockmap_basic.c,79,2,2,1580962612,1581255877,1580981173,2,f2e97dc126b7,100
783,drivers/gpu/drm/arm/malidp_drv.c,1043,19,52,1457316053,1568102353,1491626379,68,,0
784,drivers/scsi/ipr.c,10871,34,110,1310364505,1583459848,1334047672,128,21b81716c6bf,2.34375
785,drivers/atm/zatm.c,1668,12,17,1306881908,1558242500,1313237327,18,,0
786,arch/arm64/kernel/hibernate.c,585,9,23,1461750432,1575428363,1488612871,31,8c551f919a73,16.12903226
787,drivers/gpu/drm/amd/amdgpu/amdgpu_discovery.c,407,3,10,1550729147,1570711460,1560013386,11,,0
788,drivers/net/wireless/realtek/rtw88/phy.c,2093,9,23,1556263057,1577196961,1559176532,26,baff8da6e163,7.692307692
789,drivers/net/sb1000.c,1173,5,6,1311247043,1558918501,1313737928,6,,0
790,drivers/media/pci/cobalt/cobalt-alsa-pcm.c,530,5,6,1431391941,1575961119,1433469789,7,,0
791,fs/xfs/libxfs/xfs_log_rlimit.c,134,3,9,1376311802,1528198934,1378949076,6,,0
792,arch/mips/boot/tools/relocs_main.c,85,2,2,1459389932,1509520077,1459979698,2,,0
793,drivers/hwmon/via-cputemp.c,329,10,13,1311247043,1558918512,1340275959,17,,0
794,drivers/input/keyboard/amikbd.c,260,5,6,1308572746,1558918505,1322393562,9,,0
795,drivers/s390/cio/airq.c,315,7,14,1311247043,1551246968,1393332657,13,,0
796,drivers/lightnvm/pblk-rl.c,254,5,15,1492260950,1551935933,1503434000,17,9205e44916b2,17.64705882
797,drivers/nvmem/sprd-efuse.c,424,1,1,1572320557,1572320557,1572320557,1,,0
798,crypto/acompress.c,190,4,7,1477027187,1576396279,1481957070,7,,0
799,drivers/dma/qcom/hidma.c,980,6,22,1454600075,1546824842,1463942950,22,8cc12b26b403,4.545454545
800,arch/csky/kernel/power.c,30,1,1,1536128718,1536128718,1536128718,1,,0
801,drivers/md/bcache/alloc.c,743,11,37,1364026291,1583150492,1389798204,39,ecb2ba8cb835,2.564102564
802,tools/perf/trace/beauty/fspick.c,24,1,1,1558340655,1558340655,1558340655,1,,0
803,drivers/leds/trigger/ledtrig-camera.c,53,3,3,1363206564,1559614293,1370069611,3,,0
804,drivers/gpu/drm/amd/display/dc/core/dc_link_hwss.c,572,27,44,1481618471,1575253915,1532690909,57,,0
805,fs/xfs/scrub/quota.c,268,2,11,1508247467,1572939236,1520398372,17,712d361d59ef,11.76470588
806,drivers/cpufreq/tegra20-cpufreq.c,221,6,20,1311247043,1563240968,1443348217,14,,0
807,drivers/staging/comedi/drivers/ni_atmio.c,360,8,30,1311247043,1521188293,1391007973,46,,0
808,fs/proc/task_mmu.c,1913,60,143,1311247043,1580722563,1411320246,183,c06306696f83,4.918032787
809,drivers/net/wireless/ralink/rt2x00/rt2x00queue.c,1288,13,41,1306480715,1558252303,1320866365,15,,0
810,drivers/clk/imx/clk-gate2.c,164,9,12,1303173225,1559614293,1364147386,5,,0
811,drivers/clk/uniphier/clk-uniphier-cpugear.c,105,3,3,1481077952,1558918506,1482471847,4,521282237b9d,25
812,drivers/rtc/rtc-puv3.c,290,11,14,1307582012,1566144041,1332941338,18,,0
813,sound/pci/ice1712/se.c,752,4,6,1311247043,1578210451,1313798476,6,,0
814,tools/testing/selftests/sync/sync_stress_merge.c,115,1,1,1476841794,1476841794,1476841794,1,,0
815,arch/arm/mach-imx/mach-imx25.c,47,4,5,1348124376,1558918508,1403045910,5,,0
816,arch/powerpc/mm/book3s64/slb.c,828,9,36,1311247043,1558918501,1498674075,2,,0
817,drivers/pci/controller/dwc/pcie-intel-gw.c,545,1,1,1575861605,1575861605,1575861605,1,,0
818,drivers/gpu/drm/nouveau/nvkm/subdev/volt/gk104.c,140,3,5,1441730073,1477278543,1446463638,5,,0
819,drivers/memory/emif-asm-offsets.c,22,1,2,1434523930,1523434543,1438565322,2,5692fceebeb7,50
820,arch/sparc/kernel/ptrace_64.c,1201,11,16,1311247043,1558242535,1327936514,16,,0
821,drivers/media/usb/pvrusb2/pvrusb2-dvb.c,472,4,5,1311247043,1559519091,1348127351,6,,0
822,arch/m68k/lib/memcpy.c,89,2,3,1311247043,1351498543,1312280953,2,,0
823,net/netfilter/xt_bpf.c,153,8,10,1358464650,1559614293,1444031243,11,040ee69226f8,18.18181818
824,drivers/net/wireless/ath/ath10k/htt_rx.c,4105,47,161,1371041530,1577196964,1469465407,218,b10f32672946,7.798165138
825,fs/nls/nls_cp1251.c,301,1,1,1311247043,1311247043,1311247043,1,,0
826,drivers/scsi/pcmcia/aha152x_stub.c,223,2,2,1311247043,1435972749,1311806351,1,,0
827,drivers/net/ethernet/netronome/nfp/bpf/cmsg.c,478,1,10,1515673751,1566916589,1539587222,13,,0
828,tools/build/feature/test-libelf.c,9,2,3,1380522025,1509520077,1394921988,2,,0
829,drivers/gpu/drm/amd/display/dc/dce/dce_stream_encoder.c,1671,22,43,1481702722,1573022915,1507570821,51,,0
830,drivers/input/misc/e3x0-button.c,135,3,3,1420869854,1565750798,1424040058,6,,0
831,drivers/platform/chrome/cros_ec_sensorhub.c,198,1,1,1574142345,1574142345,1574142345,2,,0
832,drivers/staging/comedi/drivers/vmk80xx.c,878,7,47,1311247043,1555303950,1350511421,76,,0
833,drivers/ssb/driver_chipcommon.c,697,5,11,1306157047,1538546462,1319935293,11,,0
834,drivers/spi/spi-sprd-adi.c,575,5,13,1505460556,1572257431,1516541244,16,54e2fc28d9cf,18.75
835,samples/bpf/xdp_redirect_user.c,223,10,14,1500254848,1579500409,1525014090,16,7cf245a37ef0,18.75
836,drivers/staging/rtl8712/rtl8712_io.c,99,5,5,1311247043,1551600554,1349844443,8,,0
837,drivers/mfd/max8925-core.c,918,12,18,1311247043,1559614293,1328612722,20,,0
838,tools/testing/selftests/bpf/progs/dev_cgroup.c,60,2,2,1509840934,1579500405,1511001925,2,3e689141e64d,50
839,arch/x86/kernel/apm_32.c,2438,19,26,1306926297,1558581295,1310974717,35,002b87d2aace,8.571428571
840,arch/um/drivers/xterm_kern.c,75,5,5,1311247043,1566701356,1316405997,5,,0
841,drivers/pinctrl/qcom/pinctrl-msm8960.c,1275,3,4,1404827971,1559085478,1404962266,5,,0
842,fs/xfs/xfs_rtalloc.c,1304,9,30,1309728456,1579770078,1348378201,63,65eed012d1f2,1.587301587
843,drivers/regulator/tps6524x-regulator.c,639,6,19,1311247043,1555140602,1316732266,24,,0
844,drivers/net/ethernet/netronome/nfp/flower/match.c,573,4,26,1498745295,1576591039,1545951059,34,f7ee799a51dd,17.64705882
845,drivers/macintosh/windfarm_ad7417_sensor.c,353,4,4,1334758612,1583214646,1340865655,4,bcf3588d8ed3,25
846,drivers/block/paride/pcd.c,1068,16,20,1311247043,1582105807,1336929240,20,03264ddde245,25
847,drivers/staging/vc04_services/bcm2835-camera/mmal-vchiq.c,1891,15,43,1485496498,1572936919,1491831169,48,a26be06d6d96,10.41666667
848,tools/lib/subcmd/help.c,270,5,11,1311247043,1509520077,1342201696,4,,0
849,tools/testing/radix-tree/tag_check.c,351,4,8,1458195705,1534547362,1460262788,11,,0
850,drivers/clocksource/timer-ixp4xx.c,294,1,3,1548434959,1558613762,1548935647,3,,0
851,drivers/clk/sunxi/clk-usb.c,249,6,9,1422388446,1558918506,1426119221,10,,0
852,drivers/video/fbdev/omap2/omapfb/dss/dispc.c,4206,7,8,1449656908,1571205864,1449987825,8,,0
853,drivers/net/ethernet/ibm/ibmveth.c,1949,33,54,1306881908,1573628776,1350145014,53,756af9c64232,3.773584906
854,arch/x86/power/hibernate.c,280,2,5,1537511218,1559146179,1540061054,8,ec527c318036,12.5
855,net/netfilter/xt_CHECKSUM.c,87,3,5,1311247043,1559614293,1377602526,4,,0
856,drivers/pci/hotplug/acpiphp_ibm.c,489,10,12,1311247043,1536371941,1323913373,15,,0
857,init/noinitramfs.c,40,3,4,1311247043,1558918515,1333150748,3,,0
858,sound/soc/samsung/smdk_wm8994pcm.c,138,8,9,1308562169,1559797752,1332623316,13,,0
859,tools/testing/selftests/bpf/progs/xdping_kern.c,184,3,3,1559299634,1579500405,1559616648,3,3e689141e64d,33.33333333
860,drivers/usb/host/ohci-pci.c,332,10,13,1311247043,1562211329,1332327576,18,,0
861,drivers/media/rc/keymaps/rc-it913x-v2.c,90,4,5,1328092184,1561347734,1390555192,6,,0
862,drivers/media/usb/dvb-usb/cinergyT2-fe.c,317,5,12,1311247043,1558918506,1337509427,11,,0
863,drivers/mtd/nand/raw/atmel/pmecc.c,1018,5,9,1489626160,1550019617,1490896085,3,a12085d13997,33.33333333
864,drivers/mfd/stmpe.c,1534,24,48,1309139662,1559614257,1353632975,51,f40584200bc4,1.960784314
865,sound/soc/codecs/ab8500-codec.c,2584,15,31,1339048821,1559614293,1352346550,42,,0
866,arch/m68k/mac/misc.c,666,6,20,1310918770,1547536736,1387476559,27,0986b16ab49b,3.703703704
867,drivers/net/usb/sr9700.c,555,7,7,1378035488,1551427740,1381100915,8,d532c1082f68,12.5
868,drivers/net/wireless/ath/wil6210/cfg80211.c,3288,15,122,1355980399,1576671024,1481439359,156,1667e4f9bcfb,0.641025641
869,drivers/cpufreq/gx-suspmod.c,498,8,12,1311247043,1580053211,1314169205,12,1e4f63aecb53,8.333333333
870,security/integrity/platform_certs/keyring_handler.c,80,1,1,1573391435,1573391435,1573391435,1,,0
871,fs/ubifs/lpt.c,2435,11,22,1307061089,1559120270,1334918548,27,,0
872,drivers/usb/typec/tcpm/tcpm.c,4766,17,74,1493273396,1577697958,1504698242,23,7101949f36fc,34.7826087
873,drivers/usb/storage/sierra_ms.c,199,7,8,1309680571,1553436508,1322190247,7,,0
874,drivers/net/ethernet/huawei/hinic/hinic_common.c,71,2,3,1503330959,1559085482,1504116235,3,,0
875,drivers/memory/tegra/tegra124-emc.c,1268,8,10,1426146483,1576989557,1444125424,10,,0
876,drivers/staging/comedi/drivers/ni_labpc_cs.c,112,5,19,1311247043,1510037923,1388791327,42,,0
877,drivers/infiniband/hw/hfi1/mad.c,4937,39,77,1438240663,1572308865,1452887860,56,f8659d68e2be,3.571428571
878,drivers/scsi/aha1542.c,1131,7,38,1311247043,1558242500,1383046448,48,492ca4da6f07,2.083333333
879,drivers/net/ethernet/chelsio/cxgb4/cxgb4_cudbg.c,510,4,34,1507891693,1559085485,1510969233,34,e6f02a4d57cc,11.76470588
880,drivers/input/touchscreen/tsc2007_iio.c,136,2,3,1487307212,1559614293,1487842347,4,,0
881,lib/math/int_sqrt.c,70,7,8,1311247043,1547885690,1428086133,1,,0
882,drivers/regulator/arizona-micsupp.c,400,6,20,1339668840,1558407879,1423975061,29,,0
883,drivers/spi/spi-slave-time.c,129,1,1,1495437104,1495437104,1495437104,1,,0
884,arch/sh/kernel/cpu/proc.c,152,5,5,1311247043,1509520077,1313987562,5,,0
885,drivers/acpi/fan.c,495,15,24,1309007272,1576463509,1412503714,31,,0
886,mm/mempool.c,557,19,27,1311247043,1551772122,1367192362,29,9b75a867cc9d,3.448275862
887,sound/pci/echoaudio/layla20.c,103,7,8,1310706817,1578014177,1319496368,7,,0
888,drivers/media/pci/cobalt/cobalt-cpld.c,327,3,7,1431391941,1517966832,1432117129,7,,0
889,drivers/iio/magnetometer/bmc150_magn_spi.c,68,2,3,1460711590,1559120264,1462200459,3,,0
890,drivers/gpio/gpiolib-legacy.c,113,4,5,1404197116,1537837728,1408965820,9,,0
891,drivers/leds/leds-bcm6358.c,232,5,8,1432174270,1568961846,1434765437,10,,0
892,drivers/usb/chipidea/core.c,1416,28,99,1336728346,1579628819,1417879403,135,f60f8ccd54e0,0.740740741
893,drivers/crypto/cavium/zip/zip_inflate.c,223,2,3,1487126709,1523267151,1487450839,3,,0
894,drivers/usb/gadget/function/uvc_queue.c,348,10,19,1311247043,1540888281,1347303841,15,,0
895,drivers/media/platform/sti/c8sectpfe/c8sectpfe-dvb.c,236,5,5,1438236538,1576486296,1441384565,5,,0
896,net/ipv4/tunnel4.c,257,7,8,1311247043,1558242500,1364403268,7,aa9667e7f626,14.28571429
897,drivers/s390/cio/chp.c,831,10,24,1311247043,1581688293,1338063778,25,,0
898,drivers/pinctrl/sh-pfc/pfc-r8a77980.c,2896,6,13,1520518472,1559362962,1521958256,14,b0f77269f6bb,7.142857143
899,drivers/gpu/drm/panel/panel-lg-lg4573.c,296,5,7,1433807482,1577717769,1441033938,9,,0
900,arch/x86/oprofile/nmi_int.c,780,13,16,1248509914,1519135101,1318979876,17,,0
901,drivers/net/ethernet/dec/tulip/de4x5.c,5581,24,28,1306841268,1533636967,1308143176,31,3e66b7cc50ef,6.451612903
902,drivers/net/ethernet/marvell/octeontx2/nic/otx2_txrx.c,848,3,8,1580121319,1580121329,1580121322,8,,0
903,drivers/gpu/drm/radeon/rs690.c,881,12,22,1311247043,1575342242,1327398616,27,,0
904,drivers/media/platform/vsp1/vsp1_rpf.c,382,2,32,1370316150,1552306423,1471331022,66,3425382288fb,1.515151515
905,scripts/dtc/flattree.c,925,3,11,1311247043,1561076312,1323319808,11,,0
906,tools/perf/trace/beauty/renameat.c,18,1,3,1544495970,1544778407,1544558340,4,,0
907,drivers/spi/spidev.c,862,28,37,1306899084,1582002480,1352712237,43,138c9c32f090,4.651162791
908,net/tipc/msg.c,862,11,55,1306881908,1573185911,1465949279,75,e95584a889e1,2.666666667
909,tools/perf/trace/beauty/sync_file_range.c,31,1,1,1558446427,1558446427,1558446427,1,,0
910,drivers/gpu/drm/amd/display/dc/dce120/dce120_timing_generator.c,1273,13,20,1488782162,1575883594,1495185227,24,,0
911,drivers/iio/humidity/hts221_spi.c,68,2,5,1476367564,1559008626,1489327935,5,,0
912,drivers/mfd/mt6397-core.c,250,14,19,1424582129,1571562440,1485973374,25,11c4f2be58c2,4
913,net/ipv6/output_core.c,183,18,25,1352940560,1558242535,1429548913,39,0c19f846d582,17.94871795
914,drivers/phy/freescale/phy-fsl-imx8-mipi-dphy.c,497,1,1,1561038157,1561038157,1561038157,1,,0
915,drivers/vlynq/vlynq.c,801,4,4,1311247043,1558581279,1311921481,3,,0
916,drivers/media/pci/saa7164/saa7164-i2c.c,112,8,10,1311247043,1558918506,1326087071,10,,0
917,drivers/clk/pxa/clk-pxa.c,244,6,11,1406731859,1559354935,1451169684,11,2517b32bd9e1,18.18181818
918,net/hsr/hsr_device.c,511,16,37,1383138647,1576985228,1422372393,42,3ed0a1d56390,23.80952381
919,drivers/net/wireless/intersil/p54/fwio.c,761,10,12,1306484063,1559614293,1319005410,5,,0
920,drivers/bluetooth/bpa10x.c,445,13,22,1311247043,1567232620,1340148578,25,,0
921,arch/arm/mach-cns3xxx/cns3420vb.c,252,9,10,1309766184,1559354913,1319709861,15,,0
922,fs/ocfs2/cluster/tcp.c,2180,30,46,1306396852,1562849592,1321929600,47,e1daca289a36,4.255319149
923,arch/x86/kernel/head64.c,491,23,53,1310374312,1569312235,1455137649,73,c1887159eb48,8.219178082
924,sound/soc/codecs/adau-utils.c,60,2,2,1465472346,1558670649,1467025651,2,,0
925,sound/firewire/bebob/bebob_command.c,295,2,4,1398437115,1559120279,1405901597,4,,0
926,drivers/tty/serial/8250/8250_fintek.c,473,6,26,1406812946,1553008606,1442536602,29,07a708f0a16f,10.34482759
927,arch/x86/boot/cpu.c,99,4,4,1311247043,1559614290,1346674052,5,,0
928,drivers/i2c/busses/i2c-sis96x.c,318,5,5,1311247043,1558918506,1312764608,7,,0
929,drivers/net/wireless/ti/wl18xx/main.c,2094,27,150,1335098752,1559120270,1356810495,182,,0
930,drivers/bcma/core.c,156,6,13,1306480715,1371465272,1322878705,12,,0
931,drivers/net/wireless/mediatek/mt76/pci.c,46,1,1,1572180788,1572180788,1572180788,1,,0
932,drivers/net/vsockmon.c,138,4,4,1492740645,1573115238,1494390859,5,,0
